dt,Цена на арматуру,Концентрат_коксующегося_угля_Россия_среднее_руб_т_без_НДС,"Кокс_Россия Урал Сибирь +25, FCA руб./т., без НДС",Лом_3А_руб_т_без_НДС_x,ЖРС_среднее_руб_т_без_НДС_x,"Чугун_Россия, FCA руб./т, без НДС_x","Концентрат коксующегося угля_HCC Австралия, $/t FOB",Лом_среднее_доллар_т,Лом_3А_руб_т_без_НДС_y,ЖРС_среднее_руб_т_без_НДС_y,"Чугун_Россия, FCA руб./т, без НДС_y"
2015-03-02,29200,3948.75,6900,12385.0,2324.6666666666665,21250,103,230.0,12385.0,2324.6666666666665,21250
2015-03-09,29000,4173.625,8750,12319.666666666666,2361.3333333333335,15250,103,237.4,12319.666666666666,2361.3333333333335,15250
2015-03-16,28700,4173.625,8750,12259.0,2361.3333333333335,15250,102,237.4,12259.0,2361.3333333333335,15250
2015-03-23,27800,4173.625,8750,12139.0,2361.3333333333335,15250,101,237.4,12139.0,2361.3333333333335,15250
2015-03-30,27200,4173.625,8750,12059.0,2410.0,15250,98,239.0,12059.0,2410.0,15250
2015-04-06,26600,4270.75,8750,11933.0,2302.5,13250,95,244.0,11933.0,2302.5,13250
2015-04-13,25700,4973.875,10350,11733.333333333334,2302.5,13250,92,244.8,11733.333333333334,2302.5,13250
2015-04-20,24800,4973.875,10350,11312.166666666666,2302.5,13250,90,249.8,11312.166666666666,2302.5,13250
2015-04-27,24700,4973.875,10350,10906.0,2302.5,13250,88,254.6,10906.0,2302.5,13250
2015-05-04,24300,4971.875,10350,10578.333333333334,2207.3333333333335,13250,86,255.6,10578.333333333334,2207.3333333333335,13250
2015-05-11,23900,4959.375,9900,10280.5,2036.5,12750,82,262.6,10280.5,2036.5,12750
2015-05-18,24000,4959.375,9900,10100.833333333334,2036.5,12750,82,267.4,10100.833333333334,2036.5,12750
2015-05-25,23700,4959.375,9900,9794.0,1906.1666666666667,12750,81,264.6,9794.0,1906.1666666666667,12750
2015-06-01,23500,4959.375,9900,9701.166666666666,1856.0,12750,82,262.0,9701.166666666666,1856.0,12750
2015-06-08,23800,4854.75,9400,9767.0,1916.0,13000,83,260.4,9767.0,1916.0,13000
2015-06-15,24400,4854.75,9400,9604.333333333334,1916.0,13000,85,262.0,9604.333333333334,1916.0,13000
2015-06-22,25000,4854.75,9400,9643.166666666666,1916.0,13000,87,258.8,9643.166666666666,1916.0,13000
2015-06-29,25300,4854.75,9400,9646.166666666666,1981.1666666666667,13000,88,247.6,9646.166666666666,1981.1666666666667,13000
2015-07-06,25500,4066.625,9050,9736.333333333334,2042.8333333333333,13000,87,234.4,9736.333333333334,2042.8333333333333,13000
2015-07-13,25500,4066.625,9050,9893.0,2042.8333333333333,13000,87,226.4,9893.0,2042.8333333333333,13000
2015-07-20,25400,4066.625,9050,9940.0,2042.8333333333333,13000,84,210.4,9940.0,2042.8333333333333,13000
2015-07-27,25200,4066.625,9050,9936.333333333334,2095.8333333333335,13000,80,211.4,9936.333333333334,2095.8333333333335,13000
2015-08-03,25000,4066.625,9050,9958.166666666666,2012.5,13000,79,214.4,9958.166666666666,2012.5,13000
2015-08-10,24700,3987.625,8800,9946.666666666666,2008.3333333333333,13000,83,218.4,9946.666666666666,2008.3333333333333,13000
2015-08-17,24400,3987.625,8800,9954.833333333334,2008.3333333333333,13000,83,220.2,9954.833333333334,2008.3333333333333,13000
2015-08-24,24100,3987.625,8800,9935.166666666666,2008.3333333333333,13000,81,216.4,9935.166666666666,2008.3333333333333,13000
2015-08-31,24100,3987.625,8800,10002.5,1926.3333333333333,13000,81,216.8,10002.5,1926.3333333333333,13000
2015-09-07,23900,3987.625,8800,10137.166666666666,1968.0,14000,81,206.6,10137.166666666666,1968.0,14000
2015-09-14,24200,3987.625,8800,10157.833333333334,1968.0,14000,81,193.4,10157.833333333334,1968.0,14000
2015-09-21,24200,3987.625,8800,10148.5,1968.0,14000,81,191.2,10148.5,1968.0,14000
2015-09-28,24000,3987.625,8800,10186.833333333334,2021.5,14000,80,182.4,10186.833333333334,2021.5,14000
2015-10-05,24000,3987.625,8800,10217.666666666666,2100.6666666666665,14000,79,176.0,10217.666666666666,2100.6666666666665,14000
2015-10-12,23800,4320.0,9100,10212.833333333334,2100.6666666666665,14000,80,169.0,10212.833333333334,2100.6666666666665,14000
2015-10-19,23800,4320.0,9100,10136.333333333334,2100.6666666666665,14000,79,163.8,10136.333333333334,2100.6666666666665,14000
2015-10-26,24200,4320.0,9100,10117.166666666666,2185.6666666666665,14000,78,161.8,10117.166666666666,2185.6666666666665,14000
2015-11-02,24500,4320.0,9100,9904.666666666666,2185.6666666666665,14000,77,169.6,9904.666666666666,2185.6666666666665,14000
2015-11-09,24500,4320.0,9000,9706.333333333334,2185.6666666666665,11000,76,177.2,9706.333333333334,2185.6666666666665,11000
2015-11-16,23950,4320.0,9000,9441.333333333334,2185.6666666666665,11000,74,182.0,9441.333333333334,2185.6666666666665,11000
2015-11-23,23750,4320.0,9000,8984.833333333334,2185.6666666666665,11000,73,180.4,8984.833333333334,2185.6666666666665,11000
2015-11-30,23100,4320.0,9000,8773.333333333334,2152.8333333333335,11000,72,178.2,8773.333333333334,2152.8333333333335,11000
2015-12-07,22800,4320.0,9000,8727.5,2048.6666666666665,11000,74,176.0,8727.5,2048.6666666666665,11000
2015-12-14,22000,4320.0,9000,8687.166666666666,2048.6666666666665,11000,75,175.0,8687.166666666666,2048.6666666666665,11000
2015-12-21,21700,4320.0,9000,8528.333333333334,2048.6666666666665,11000,75,173.8,8528.333333333334,2048.6666666666665,11000
2015-12-28,21300,4320.0,9000,8537.166666666666,1955.0,11000,76,171.4,8537.166666666666,1955.0,11000
2016-01-04,21300,4320.0,9000,8516.333333333334,1955.0,11000,76,172.4,8516.333333333334,1955.0,11000
2016-01-11,21300,4307.5,9000,8489.166666666666,1859.1666666666667,11000,77,173.6,8489.166666666666,1859.1666666666667,11000
2016-01-18,21200,4305.875,9000,8554.166666666666,1855.0,11000,77,173.2,8554.166666666666,1855.0,11000
2016-01-25,21000,4305.875,9000,8601.166666666666,1855.0,11000,75,171.4,8601.166666666666,1855.0,11000
2016-02-01,21000,4305.875,9000,8732.333333333334,1774.3333333333333,11000,75,168.0,8732.333333333334,1774.3333333333333,11000
2016-02-08,21000,4305.875,8650,8844.0,1786.8333333333333,11700,74,167.0,8844.0,1786.8333333333333,11700
2016-02-15,21200,4305.875,8650,8973.166666666666,1786.8333333333333,11700,73,166.2,8973.166666666666,1786.8333333333333,11700
2016-02-22,21800,4305.875,8650,9029.0,1786.8333333333333,11700,74,167.6,9029.0,1786.8333333333333,11700
2016-02-29,22450,4305.875,8650,9010.666666666666,1813.5,11700,76,176.8,9010.666666666666,1813.5,11700
2016-03-07,23300,4305.875,8650,9092.166666666666,1892.6666666666667,12300,79,185.0,9092.166666666666,1892.6666666666667,12300
2016-03-14,23800,4305.875,8650,9281.666666666666,1892.6666666666667,12300,79,200.6,9281.666666666666,1892.6666666666667,12300
2016-03-21,25500,4305.875,8650,9494.333333333334,1892.6666666666667,12300,80,210.0,9494.333333333334,1892.6666666666667,12300
2016-03-28,26700,4305.875,8650,9642.833333333334,1958.0,12300,80,217.8,9642.833333333334,1958.0,12300
2016-04-04,29900,4305.875,8650,9664.333333333334,1958.0,12300,82,226.4,9664.333333333334,1958.0,12300
2016-04-11,29950,4611.5,8850,9868.166666666666,2123.8333333333335,14200,86,241.6,9868.166666666666,2123.8333333333335,14200
2016-04-18,31500,4611.5,8850,9873.166666666666,2123.8333333333335,14200,90,255.2,9873.166666666666,2123.8333333333335,14200
2016-04-25,31900,4611.5,8850,10099.5,2123.8333333333335,14200,94,273.4,10099.5,2123.8333333333335,14200
2016-05-02,40300,4611.5,8850,10451.5,2296.5,14200,97,286.6,10451.5,2296.5,14200
2016-05-09,43500,4611.5,8850,10773.333333333334,2284.0,19500,96,308.8,10773.333333333334,2284.0,19500
2016-05-16,43350,4611.5,8850,11645.666666666666,2284.0,19500,94,292.0,11645.666666666666,2284.0,19500
2016-05-23,42950,4611.5,8850,11685.166666666666,2284.0,19500,91,282.2,11685.166666666666,2284.0,19500
2016-05-30,42000,4611.5,8850,11922.666666666666,2273.6666666666665,19500,86,257.2,11922.666666666666,2273.6666666666665,19500
2016-06-06,38300,4611.5,8875,12130.5,2307.0,17750,87,237.0,12130.5,2307.0,17750
2016-06-13,37500,4611.5,8875,12060.166666666666,2307.0,17750,90,217.6,12060.166666666666,2307.0,17750
2016-06-20,36800,4611.5,8875,11941.833333333334,2307.0,17750,91,216.0,11941.833333333334,2307.0,17750
2016-06-27,35400,4611.5,8875,11745.0,2341.0,17750,91,216.2,11745.0,2341.0,17750
2016-07-04,34400,4611.5,8875,10952.0,2341.0,17750,91,210.6,10952.0,2341.0,17750
2016-07-11,33400,4584.0,9025,10691.5,2236.8333333333335,15900,92,205.6,10691.5,2236.8333333333335,15900
2016-07-18,32500,4584.0,9025,10543.0,2236.8333333333335,15900,96,207.4,10543.0,2236.8333333333335,15900
2016-07-25,32000,4584.0,9025,10441.666666666666,2236.8333333333335,15900,97,213.8,10441.666666666666,2236.8333333333335,15900
2016-08-01,31000,4584.0,9025,10321.166666666666,2068.8333333333335,15900,100,217.2,10321.166666666666,2068.8333333333335,15900
2016-08-08,30200,4594.375,9225,10421.0,2095.5,14750,103,217.4,10421.0,2095.5,14750
2016-08-15,29200,4594.375,9225,10581.166666666666,2095.5,14750,106,216.6,10581.166666666666,2095.5,14750
2016-08-22,28850,4594.375,9225,10688.166666666666,2095.5,14750,114,214.8,10688.166666666666,2095.5,14750
2016-08-29,28700,4594.375,9225,10993.166666666666,2177.1666666666665,14750,124,215.6,10993.166666666666,2177.1666666666665,14750
2016-09-05,28500,4604.625,9525,11162.5,2277.1666666666665,14750,139,214.8,11162.5,2277.1666666666665,14750
2016-09-12,30000,4604.625,9525,11421.0,2277.1666666666665,14750,166,213.0,11421.0,2277.1666666666665,14750
2016-09-19,32000,4604.625,9525,11595.666666666666,2277.1666666666665,14750,199,212.4,11595.666666666666,2277.1666666666665,14750
2016-09-26,32500,4604.625,9525,11667.5,2345.3333333333335,14750,206,208.2,11667.5,2345.3333333333335,14750
2016-10-03,33300,4604.625,9525,11729.333333333334,2345.3333333333335,14750,209,201.2,11729.333333333334,2345.3333333333335,14750
2016-10-10,34300,7069.5,12900,12419.666666666666,2317.8333333333335,13400,211,205.6,12419.666666666666,2317.8333333333335,13400
2016-10-17,33700,7069.5,12900,12385.333333333334,2317.8333333333335,13400,222,210.2,12385.333333333334,2317.8333333333335,13400
2016-10-24,32200,7069.5,12900,12401.0,2317.8333333333335,13400,239,218.8,12401.0,2317.8333333333335,13400
2016-10-31,30400,7069.5,12900,12218.5,2305.5,13400,250,222.2,12218.5,2305.5,13400
2016-11-07,30200,7355.875,12900,12210.166666666666,2291.3333333333335,13900,265,235.2,12210.166666666666,2291.3333333333335,13900
2016-11-14,29800,7355.875,12900,12173.166666666666,2291.3333333333335,13900,302,254.4,12173.166666666666,2291.3333333333335,13900
2016-11-21,33500,7355.875,12900,12377.166666666666,2291.3333333333335,13900,306,260.4,12377.166666666666,2291.3333333333335,13900
2016-11-28,33500,7355.875,12900,12729.666666666666,2228.5,13900,304,258.0,12729.666666666666,2228.5,13900
2016-12-05,33500,7394.0,12900,13156.666666666666,2570.1666666666665,16800,301,255.8,13156.666666666666,2570.1666666666665,16800
2016-12-12,33500,7394.0,13100,13714.666666666666,2570.1666666666665,16800,289,254.2,13714.666666666666,2570.1666666666665,16800
2016-12-19,33000,7394.0,13100,14553.666666666666,2570.1666666666665,16800,254,268.0,14553.666666666666,2570.1666666666665,16800
2016-12-26,32500,7394.0,13100,14899.833333333334,2760.1666666666665,16800,245,276.4,14899.833333333334,2760.1666666666665,16800
2017-01-02,33750,7394.0,13100,15032.0,2760.1666666666665,16800,228,276.4,15032.0,2760.1666666666665,16800
2017-01-09,33750,8876.375,13725,14936.166666666666,3031.0,20850,210,276.4,14936.166666666666,3031.0,20850
2017-01-16,33750,8876.375,13725,15061.666666666666,3031.0,20850,188,273.0,15061.666666666666,3031.0,20850
2017-01-23,33750,8876.375,13725,14940.833333333334,3031.0,20850,176,266.8,14940.833333333334,3031.0,20850
2017-01-30,33000,8876.375,13725,14887.166666666666,3464.6666666666665,20850,173,240.6,14887.166666666666,3464.6666666666665,20850
2017-02-06,32600,11134.5,17500,14816.0,3533.8333333333335,20850,171,230.0,14816.0,3533.8333333333335,20850
2017-02-13,32000,11134.5,17500,14574.666666666666,3533.8333333333335,20850,168,241.2,14574.666666666666,3533.8333333333335,20850
2017-02-20,31300,11134.5,17500,14388.333333333334,3533.8333333333335,20850,155,263.2,14388.333333333334,3533.8333333333335,20850
2017-02-27,30300,11134.5,17500,14000.166666666666,3575.8333333333335,20850,159,269.0,14000.166666666666,3575.8333333333335,20850
2017-03-06,30500,11073.5,17500,13587.666666666666,3663.3333333333335,20850,162,272.8,13587.666666666666,3663.3333333333335,20850
2017-03-13,30700,11073.5,17500,13105.833333333334,3663.3333333333335,20850,161,283.2,13105.833333333334,3663.3333333333335,20850
2017-03-20,30600,11073.5,17500,12969.833333333334,3663.3333333333335,20850,160,281.6,12969.833333333334,3663.3333333333335,20850
2017-03-27,30400,11073.5,17500,12878.0,3788.1666666666665,20850,155,265.6,12878.0,3788.1666666666665,20850
2017-04-03,29800,11073.5,17500,12859.166666666666,3788.1666666666665,20850,155,258.4,12859.166666666666,3788.1666666666665,20850
2017-04-10,29500,7089.625,14775,12769.166666666666,3938.1666666666665,21250,214,263.4,12769.166666666666,3938.1666666666665,21250
2017-04-17,28200,7089.625,14775,12747.333333333334,3938.1666666666665,21250,285,261.4,12747.333333333334,3938.1666666666665,21250
2017-04-24,27500,7089.625,14775,12713.833333333334,3938.1666666666665,21250,268,254.0,12713.833333333334,3938.1666666666665,21250
2017-05-01,26500,7089.625,14775,12709.833333333334,4083.3333333333335,21250,231,251.2,12709.833333333334,4083.3333333333335,21250
2017-05-08,26300,7085.0,14775,12691.333333333334,3833.3333333333335,18500,201,261.6,12691.333333333334,3833.3333333333335,18500
2017-05-15,26300,7085.0,14775,12643.5,3833.3333333333335,18500,174,260.6,12643.5,3833.3333333333335,18500
2017-05-22,26200,7085.0,14775,12630.833333333334,3833.3333333333335,18500,159,260.2,12630.833333333334,3833.3333333333335,18500
2017-05-29,26150,7085.0,14775,12609.0,3628.3333333333335,18500,154,257.4,12609.0,3628.3333333333335,18500
2017-06-05,26150,7081.5,14550,12505.5,3367.0833333333335,18250,152,256.4,12505.5,3367.0833333333335,18250
2017-06-12,26150,7081.5,14550,12396.833333333334,3367.0833333333335,18250,149,257.0,12396.833333333334,3367.0833333333335,18250
2017-06-19,26350,7081.5,14550,12294.166666666666,3367.0833333333335,18250,142,258.4,12294.166666666666,3367.0833333333335,18250
2017-06-26,26550,7081.5,14550,12153.833333333334,3102.9166666666665,18250,143,261.6,12153.833333333334,3102.9166666666665,18250
2017-07-03,26650,7081.5,14550,12164.0,3102.9166666666665,18250,148,271.0,12164.0,3102.9166666666665,18250
2017-07-10,28000,6584.25,12250,12098.833333333334,2850.0,18250,152,277.2,12098.833333333334,2850.0,18250
2017-07-17,28800,6584.25,12250,12147.666666666666,2850.0,18250,160,280.8,12147.666666666666,2850.0,18250
2017-07-24,29400,6584.25,12800,12412.333333333334,2850.0,18250,169,283.6,12412.333333333334,2850.0,18250
2017-07-31,29400,6584.25,12800,12626.833333333334,2612.1666666666665,18250,176,300.0,12626.833333333334,2612.1666666666665,18250
2017-08-07,30900,6584.25,12800,12924.833333333334,2753.0,18850,181,310.8,12924.833333333334,2753.0,18850
2017-08-14,33900,6584.25,12650,13195.166666666666,2753.0,18850,191,329.4,13195.166666666666,2753.0,18850
2017-08-21,35900,6584.25,12650,13766.166666666666,2753.0,18850,193,338.0,13766.166666666666,2753.0,18850
2017-08-28,36800,6584.25,12650,14872.5,2857.5,18850,201,340.4,14872.5,2857.5,18850
2017-09-04,38600,6584.25,12650,15108.833333333334,2857.5,18850,208,341.0,15108.833333333334,2857.5,18850
2017-09-11,39600,6618.625,12650,15280.0,3034.1666666666665,19350,210,341.0,15280.0,3034.1666666666665,19350
2017-09-18,38800,6618.625,12650,15964.833333333334,3034.1666666666665,19350,207,336.2,15964.833333333334,3034.1666666666665,19350
2017-09-25,38800,6618.625,12650,16463.0,3034.1666666666665,19350,198,322.6,16463.0,3034.1666666666665,19350
2017-10-02,37500,6618.625,12650,16456.666666666668,3223.1666666666665,19350,190,297.0,16456.666666666668,3223.1666666666665,19350
2017-10-09,37000,8224.875,16300,16438.0,3299.0,20650,186,289.0,16438.0,3299.0,20650
2017-10-16,35800,8224.875,16300,16371.5,3299.0,20650,182,293.4,16371.5,3299.0,20650
2017-10-23,33800,8224.875,16300,16305.833333333334,3299.0,20650,180,291.6,16305.833333333334,3299.0,20650
2017-10-30,31500,8224.875,16300,15688.5,3355.0,20650,181,289.0,15688.5,3355.0,20650
2017-11-06,30000,8043.5,16025,15297.666666666666,3113.3333333333335,20000,177,293.2,15297.666666666666,3113.3333333333335,20000
2017-11-13,32500,8043.5,16025,15079.5,3113.3333333333335,20000,181,290.4,15079.5,3113.3333333333335,20000
2017-11-20,32500,8043.5,16025,14664.0,3113.3333333333335,20000,188,295.2,14664.0,3113.3333333333335,20000
2017-11-27,32000,8043.5,16025,14537.333333333334,2882.3333333333335,20000,198,301.6,14537.333333333334,2882.3333333333335,20000
2017-12-04,31500,8043.5,16025,14451.166666666666,2882.3333333333335,20000,205,309.0,14451.166666666666,2882.3333333333335,20000
2017-12-11,31700,8089.75,15850,14377.166666666666,2877.3333333333335,20000,220,324.0,14377.166666666666,2877.3333333333335,20000
2017-12-18,31800,8089.75,15850,14378.0,2877.3333333333335,20000,226,327.8,14378.0,2877.3333333333335,20000
2017-12-25,34600,8089.75,15850,14323.833333333334,2877.3333333333335,20000,240,344.6,14323.833333333334,2877.3333333333335,20000
2018-01-01,35600,8089.75,15850,14357.0,2893.0,20000,250,349.0,14357.0,2893.0,20000
2018-01-08,35600,9039.75,15750,14199.666666666666,3008.8333333333335,20300,249,353.0,14199.666666666666,3008.8333333333335,20300
2018-01-15,35600,9039.75,15750,14253.166666666666,3113.0,20300,247,352.4,14253.166666666666,3113.0,20300
2018-01-22,35300,9039.75,15750,14343.833333333334,3113.0,20300,228,345.0,14343.833333333334,3113.0,20300
2018-01-29,34500,9039.75,15750,14375.5,3198.6666666666665,20300,212,336.0,14375.5,3198.6666666666665,20300
2018-02-05,33700,9788.6875,15425,14559.833333333334,3387.8333333333335,20550,213,328.6,14559.833333333334,3387.8333333333335,20550
2018-02-12,34000,9788.6875,15425,14621.666666666666,3387.8333333333335,20550,223,327.0,14621.666666666666,3387.8333333333335,20550
2018-02-19,33900,9788.6875,15425,14873.833333333334,3387.8333333333335,20550,228,330.6,14873.833333333334,3387.8333333333335,20550
2018-02-26,32700,9788.6875,15425,15142.833333333334,3595.3333333333335,20550,229,338.6,15142.833333333334,3595.3333333333335,20550
2018-03-05,32900,9404.0625,15275,15487.333333333334,3607.0,20550,230,345.4,15487.333333333334,3607.0,20550
2018-03-12,33300,9404.0625,15275,15747.833333333334,3607.0,20550,230,357.0,15747.833333333334,3607.0,20550
2018-03-19,33600,9404.0625,15275,16150.5,3607.0,20550,214,357.8,16150.5,3607.0,20550
2018-03-26,34800,9404.0625,15275,16482.333333333332,3619.5,20550,208,356.2,16482.333333333332,3619.5,20550
2018-04-02,36100,9404.0625,15275,16868.333333333332,3619.5,20550,196,353.2,16868.333333333332,3619.5,20550
2018-04-09,36100,8851.625,15075,17234.333333333332,3628.6666666666665,20750,195,344.6,17234.333333333332,3628.6666666666665,20750
2018-04-16,35900,8851.625,15075,17252.833333333332,3628.6666666666665,20750,191,343.0,17252.833333333332,3628.6666666666665,20750
2018-04-23,35900,8851.625,15075,17321.5,3628.6666666666665,20750,184,334.6,17321.5,3628.6666666666665,20750
2018-04-30,36400,8851.625,15075,17297.166666666668,3711.8333333333335,20750,177,335.6,17297.166666666668,3711.8333333333335,20750
2018-05-07,37900,8579.125,14675,17255.666666666668,3586.8333333333335,21250,179,336.0,17255.666666666668,3586.8333333333335,21250
2018-05-14,37700,8579.125,14675,17217.0,3586.8333333333335,21250,185,337.8,17217.0,3586.8333333333335,21250
2018-05-21,37900,8579.125,14675,17113.333333333332,3586.8333333333335,21250,185,333.8,17113.333333333332,3586.8333333333335,21250
2018-05-28,37900,8579.125,14675,17023.166666666668,3333.3333333333335,21250,184,329.6,17023.166666666668,3333.3333333333335,21250
2018-06-04,37600,8579.125,14675,17020.666666666668,3333.3333333333335,21250,190,322.6,17020.666666666668,3333.3333333333335,21250
2018-06-11,37400,8594.125,13875,16971.0,3300.0,21250,195,327.0,16971.0,3300.0,21250
2018-06-18,37400,8594.125,13875,16996.833333333332,3300.0,21250,198,334.0,16996.833333333332,3300.0,21250
2018-06-25,37100,8594.125,13875,16896.333333333332,3300.0,21250,198,339.0,16896.333333333332,3300.0,21250
2018-07-02,37100,8594.125,13875,16730.166666666668,3367.5,21250,197,338.8,16730.166666666668,3367.5,21250
2018-07-09,37200,8639.625,13500,16740.833333333332,3494.1666666666665,23000,198,336.8,16740.833333333332,3494.1666666666665,23000
2018-07-16,37800,8639.625,13500,16938.166666666668,3494.1666666666665,23000,180,329.2,16938.166666666668,3494.1666666666665,23000
2018-07-23,37500,8639.625,13500,17051.833333333332,3494.1666666666665,23000,177,326.8,17051.833333333332,3494.1666666666665,23000
2018-07-30,37500,8639.625,13500,17157.333333333332,3638.1666666666665,23000,173,323.4,17157.333333333332,3638.1666666666665,23000
2018-08-06,39400,8726.25,13425,17271.5,3681.9166666666665,23000,173,321.0,17271.5,3681.9166666666665,23000
2018-08-13,39650,8726.25,13425,17451.0,3681.9166666666665,23000,180,313.0,17451.0,3681.9166666666665,23000
2018-08-20,40750,8726.25,13425,17549.833333333332,3681.9166666666665,23000,182,299.4,17549.833333333332,3681.9166666666665,23000
2018-08-27,43100,8726.25,13425,17638.5,3812.4166666666665,23000,182,295.8,17638.5,3812.4166666666665,23000
2018-09-03,48700,8726.25,13425,18079.666666666668,3812.4166666666665,23000,182,301.4,18079.666666666668,3812.4166666666665,23000
2018-09-10,48850,8578.625,13550,18317.5,4077.0,23000,187,306.8,18317.5,4077.0,23000
2018-09-17,48350,8578.625,13550,18626.333333333332,4077.0,23000,199,309.2,18626.333333333332,4077.0,23000
2018-09-24,44600,8578.625,13550,18801.0,4077.0,23000,204,311.2,18801.0,4077.0,23000
2018-10-01,42600,8578.625,13550,18836.0,4190.333333333333,23000,200,312.0,18836.0,4190.333333333333,23000
2018-10-08,41500,8733.75,13225,18853.833333333332,4332.833333333333,23750,210,315.2,18853.833333333332,4332.833333333333,23750
2018-10-15,40800,8733.75,13225,18857.5,4332.833333333333,23750,211,317.4,18857.5,4332.833333333333,23750
2018-10-22,39700,8733.75,13225,18811.666666666668,4332.833333333333,23750,214,317.6,18811.666666666668,4332.833333333333,23750
2018-10-29,39500,8733.75,13225,18765.333333333332,4537.833333333333,23750,214,318.6,18765.333333333332,4537.833333333333,23750
2018-11-05,38800,8935.625,13375,18617.666666666668,4550.333333333333,22750,215,322.4,18617.666666666668,4550.333333333333,22750
2018-11-12,38300,8935.625,13375,18308.5,4550.333333333333,22750,216,325.0,18308.5,4550.333333333333,22750
2018-11-19,38000,8935.625,13375,17818.166666666668,4550.333333333333,22750,219,323.0,17818.166666666668,4550.333333333333,22750
2018-11-26,37600,8935.625,13375,17387.666666666668,4599.666666666667,22750,218,316.4,17387.666666666668,4599.666666666667,22750
2018-12-03,37600,8935.625,13375,16904.833333333332,4599.666666666667,22750,216,308.4,16904.833333333332,4599.666666666667,22750
2018-12-10,37300,9035.0,13375,16538.166666666668,4734.666666666667,22750,222,296.8,16538.166666666668,4734.666666666667,22750
2018-12-17,37000,9035.0,13375,16375.833333333334,4734.666666666667,22750,219,291.2,16375.833333333334,4734.666666666667,22750
2018-12-24,36700,9035.0,13375,16429.833333333332,4734.666666666667,22750,218,282.0,16429.833333333332,4734.666666666667,22750
2018-12-31,36000,9035.0,13375,16447.5,4891.0,22750,211,278.2,16447.5,4891.0,22750
2019-01-07,36000,9246.375,13450,16296.333333333334,4715.166666666667,22525,203,269.8,16296.333333333334,4715.166666666667,22525
2019-01-14,35700,9246.375,13450,16342.0,4715.166666666667,22525,197,267.4,16342.0,4715.166666666667,22525
2019-01-21,35300,9246.375,13450,16204.166666666666,4715.166666666667,22525,190,274.2,16204.166666666666,4715.166666666667,22525
2019-01-28,34000,9246.375,13450,16249.166666666666,4533.0,22525,194,280.2,16249.166666666666,4533.0,22525
2019-02-04,33800,9246.375,13450,16887.833333333332,4533.0,22525,200,300.0,16887.833333333332,4533.0,22525
2019-02-11,34550,9203.875,13625,17220.333333333332,4773.833333333333,22525,199,313.2,17220.333333333332,4773.833333333333,22525
2019-02-18,36000,9203.875,13625,17388.333333333332,4773.833333333333,22525,202,313.2,17388.333333333332,4773.833333333333,22525
2019-02-25,37700,9203.875,13625,17990.833333333332,4773.833333333333,22525,206,309.2,17990.833333333332,4773.833333333333,22525
2019-03-04,40200,9203.875,13625,18520.666666666668,5074.833333333333,22525,209,299.0,18520.666666666668,5074.833333333333,22525
2019-03-11,40200,9178.75,13550,19225.0,5322.333333333333,23025,211,307.4,19225.0,5322.333333333333,23025
2019-03-18,39900,9178.75,13550,19437.0,5322.333333333333,23025,210,310.0,19437.0,5322.333333333333,23025
2019-03-25,39400,9178.75,13550,19365.0,5322.333333333333,23025,209,311.0,19365.0,5322.333333333333,23025
2019-04-01,39300,9178.75,13550,19107.333333333332,5545.833333333333,23025,204,308.0,19107.333333333332,5545.833333333333,23025
2019-04-08,39500,9331.875,13700,18279.833333333332,5574.583333333333,22200,198,302.6,18279.833333333332,5574.583333333333,22200
2019-04-15,39500,9331.875,13700,17900.833333333332,5574.583333333333,22200,199,296.8,17900.833333333332,5574.583333333333,22200
2019-04-22,39300,9331.875,13700,16944.833333333332,5574.583333333333,22200,202,301.8,16944.833333333332,5574.583333333333,22200
2019-04-29,39300,9331.875,13700,16602.333333333332,5594.916666666667,22200,201,296.0,16602.333333333332,5594.916666666667,22200
2019-05-06,39300,9094.0625,13700,16465.5,5606.166666666667,21950,203,289.2,16465.5,5606.166666666667,21950
2019-05-13,40300,9094.0625,13700,16049.166666666666,5606.166666666667,21950,207,280.0,16049.166666666666,5606.166666666667,21950
2019-05-20,40000,9094.0625,13700,15872.333333333334,5606.166666666667,21950,208,281.0,15872.333333333334,5606.166666666667,21950
2019-05-27,40200,9094.0625,13700,15660.0,5481.333333333333,21950,205,293.4,15660.0,5481.333333333333,21950
2019-06-03,40200,9094.0625,13700,15410.5,5481.333333333333,21950,202,291.0,15410.5,5481.333333333333,21950
2019-06-10,40300,9067.8125,13700,15207.666666666666,5410.5,21950,200,290.8,15207.666666666666,5410.5,21950
2019-06-17,41500,9067.8125,13700,15220.666666666666,5410.5,21950,197,279.8,15220.666666666666,5410.5,21950
2019-06-24,40500,9067.8125,13700,15345.5,5410.5,21950,195,271.0,15345.5,5410.5,21950
2019-07-01,40500,9067.8125,13700,15733.833333333334,5374.0,21950,193,274.0,15733.833333333334,5374.0,21950
2019-07-08,40300,7963.0,12525,16120.666666666666,5273.166666666667,21850,189,284.6,16120.666666666666,5273.166666666667,21850
2019-07-15,39800,7963.0,12525,16659.5,5273.166666666667,21850,185,282.0,16659.5,5273.166666666667,21850
2019-07-22,39800,7963.0,12525,16887.5,5273.166666666667,21850,180,281.2,16887.5,5273.166666666667,21850
2019-07-29,40200,7963.0,12525,16998.833333333332,5258.5,21850,174,281.2,16998.833333333332,5258.5,21850
2019-08-05,40300,7707.875,12150,16983.333333333332,5522.666666666667,21850,165,281.0,16983.333333333332,5522.666666666667,21850
2019-08-12,39200,7707.875,12150,16938.833333333332,5522.666666666667,21850,159,279.0,16938.833333333332,5522.666666666667,21850
2019-08-19,38700,7707.875,12150,16756.333333333332,5522.666666666667,21850,156,275.4,16756.333333333332,5522.666666666667,21850
2019-08-26,38200,7707.875,12150,16491.833333333332,5795.166666666667,21850,153,269.6,16491.833333333332,5795.166666666667,21850
2019-09-02,37700,7707.875,12150,16448.0,5795.166666666667,21850,154,259.6,16448.0,5795.166666666667,21850
2019-09-09,36900,7395.625,12150,15804.5,5587.666666666667,21850,154,244.8,15804.5,5587.666666666667,21850
2019-09-16,36200,7395.625,12150,15695.0,5587.666666666667,21850,150,231.4,15695.0,5587.666666666667,21850
2019-09-23,35000,7395.625,12150,15418.166666666666,5587.666666666667,21850,143,221.2,15418.166666666666,5587.666666666667,21850
2019-09-30,34200,7395.625,12150,15022.166666666666,5326.833333333333,21850,138,214.8,15022.166666666666,5326.833333333333,21850
2019-10-07,33500,6397.5,11525,14525.5,4626.833333333333,20750,146,213.2,14525.5,4626.833333333333,20750
2019-10-14,33300,6397.5,11525,14214.833333333334,4626.833333333333,20750,148,218.8,14214.833333333334,4626.833333333333,20750
2019-10-21,33500,6397.5,11525,14047.0,4626.833333333333,20750,152,225.4,14047.0,4626.833333333333,20750
2019-10-28,33300,6397.5,11525,13941.0,3967.3333333333335,20750,150,234.6,13941.0,3967.3333333333335,20750
2019-11-04,33800,6397.5,11525,13352.166666666666,3967.3333333333335,20750,144,240.0,13352.166666666666,3967.3333333333335,20750
2019-11-11,33500,6422.5,11525,13378.5,3919.0,20750,134,246.8,13378.5,3919.0,20750
2019-11-18,32300,6422.5,11525,13334.0,3919.0,20750,135,249.2,13334.0,3919.0,20750
2019-11-25,32200,6422.5,11525,13407.0,3919.0,20750,133,251.4,13407.0,3919.0,20750
2019-12-02,31800,6422.5,11525,13815.666666666666,3869.8333333333335,20750,135,254.0,13815.666666666666,3869.8333333333335,20750
2019-12-09,31100,6422.5,11525,14191.333333333334,3701.5,20750,138,267.8,14191.333333333334,3701.5,20750
2019-12-16,30600,6422.5,11525,14416.666666666666,3701.5,20750,136,281.4,14416.666666666666,3701.5,20750
2019-12-23,31400,6422.5,11525,14547.333333333334,3701.5,20750,136,283.6,14547.333333333334,3701.5,20750
2019-12-30,32900,6422.5,11525,14893.666666666666,3526.0,20750,136,284.6,14893.666666666666,3526.0,20750
2020-01-06,32900,6422.5,11525,14981.333333333334,3688.5,19050,140,284.8,14981.333333333334,3688.5,19050
2020-01-13,33400,5724.375,10650,15390.5,3688.5,19050,147,283.6,15390.5,3688.5,19050
2020-01-20,32500,5724.375,10650,15576.666666666666,3688.5,19050,152,280.0,15576.666666666666,3688.5,19050
2020-01-27,32890,5724.375,10650,15720.666666666666,3795.8333333333335,19050,152,267.2,15720.666666666666,3795.8333333333335,19050
2020-02-03,33400,5724.375,10650,15978.666666666666,3795.8333333333335,19050,152,259.0,15978.666666666666,3795.8333333333335,19050
2020-02-10,32800,5530.625,11200,16243.166666666666,3835.0,19050,150,247.6,16243.166666666666,3835.0,19050
2020-02-17,32000,5530.625,11200,16316.5,3835.0,19050,154,255.0,16316.5,3835.0,19050
2020-02-24,31500,5530.625,11200,15910.833333333334,3835.0,19050,158,264.0,15910.833333333334,3835.0,19050
2020-03-02,32500,5530.625,11200,15790.5,3890.6666666666665,19050,161,262.6,15790.5,3890.6666666666665,19050
2020-03-09,33500,5428.75,11825,15061.833333333334,3798.1666666666665,19300,162,257.8,15061.833333333334,3798.1666666666665,19300
2020-03-16,34000,5428.75,11825,14839.333333333334,3798.1666666666665,19300,160,254.0,14839.333333333334,3798.1666666666665,19300
2020-03-23,35000,5428.75,11825,14680.666666666666,3798.1666666666665,19300,163,233.0,14680.666666666666,3798.1666666666665,19300
2020-03-30,35000,5428.75,11825,14560.333333333334,3673.5,19300,156,207.4,14560.333333333334,3673.5,19300
2020-04-06,34500,5428.75,11825,14375.0,3821.8333333333335,20100,144,203.0,14375.0,3821.8333333333335,20100
2020-04-13,34000,5428.75,11975,14423.0,3770.1666666666665,20100,135,232.6,14423.0,3770.1666666666665,20100
2020-04-20,33500,5428.75,11975,14605.166666666666,3770.1666666666665,20100,135,244.8,14605.166666666666,3770.1666666666665,20100
2020-04-27,33500,5428.75,11975,15280.833333333334,3895.5,20100,126,244.6,15280.833333333334,3895.5,20100
2020-05-04,33500,5428.75,11975,15477.166666666666,3895.5,20100,114,233.0,15477.166666666666,3895.5,20100
2020-05-11,33500,5378.75,11475,15480.833333333334,3960.9166666666665,20100,110,234.8,15480.833333333334,3960.9166666666665,20100
2020-05-18,33500,5378.75,11475,15189.5,3960.9166666666665,20100,116,241.0,15189.5,3960.9166666666665,20100
2020-05-25,33500,5378.75,11475,14438.166666666666,3960.9166666666665,20100,118,239.4,14438.166666666666,3960.9166666666665,20100
2020-06-01,33000,5378.75,11475,14071.666666666666,4075.4166666666665,20100,111,242.4,14071.666666666666,4075.4166666666665,20100
2020-06-08,33000,5378.75,9625,13730.5,4141.666666666667,20100,108,247.6,13730.5,4141.666666666667,20100
2020-06-15,33000,5378.75,9625,13728.5,4141.666666666667,20100,109,254.8,13728.5,4141.666666666667,20100
2020-06-22,33700,5378.75,9625,13975.166666666666,4141.666666666667,20100,111,255.0,13975.166666666666,4141.666666666667,20100
2020-06-29,34500,5378.75,9625,14463.166666666666,4080.3333333333335,20100,115,246.6,14463.166666666666,4080.3333333333335,20100
2020-07-06,34500,4482.5,8550,14792.833333333334,4217.0,20250,116,244.2,14792.833333333334,4217.0,20250
2020-07-13,35000,4482.5,8550,14978.5,4217.0,20250,116,243.2,14978.5,4217.0,20250
2020-07-20,35000,4482.5,8550,15320.333333333334,4217.0,20250,110,245.2,15320.333333333334,4217.0,20250
2020-07-27,35100,4482.5,8550,15581.666666666666,4483.0,20250,111,254.8,15581.666666666666,4483.0,20250
2020-08-03,35100,4482.5,8550,15916.666666666666,4483.0,20250,111,262.6,15916.666666666666,4483.0,20250
2020-08-10,35200,4482.5,8700,16258.5,4607.166666666667,20250,107,269.0,16258.5,4607.166666666667,20250
2020-08-17,35500,4482.5,8700,16561.5,4607.166666666667,20250,106,273.4,16561.5,4607.166666666667,20250
2020-08-24,36500,4482.5,8700,16981.833333333332,4607.166666666667,20250,106,272.8,16981.833333333332,4607.166666666667,20250
2020-08-31,37200,4482.5,8700,17050.833333333332,4695.0,20250,107,277.6,17050.833333333332,4695.0,20250
2020-09-07,37500,4482.5,9550,17217.0,5114.166666666667,20550,108,286.2,17217.0,5114.166666666667,20550
2020-09-14,37500,4482.5,9550,17579.166666666668,5264.166666666667,20550,113,290.6,17579.166666666668,5264.166666666667,20550
2020-09-21,38000,4482.5,9550,18085.166666666668,5043.333333333333,20550,125,287.6,18085.166666666668,5043.333333333333,20550
2020-09-28,38500,4482.5,9550,18494.666666666668,5460.166666666667,20550,135,285.6,18494.666666666668,5460.166666666667,20550
2020-10-05,39500,4547.5,9550,18803.833333333332,5761.833333333333,22350,138,280.2,18803.833333333332,5761.833333333333,22350
2020-10-12,40000,4547.5,9550,18993.5,5761.833333333333,22350,135,274.4,18993.5,5761.833333333333,22350
2020-10-19,39500,4547.5,9550,18905.833333333332,5761.833333333333,22350,123,274.6,18905.833333333332,5761.833333333333,22350
2020-10-26,39500,4547.5,9550,18871.5,5958.333333333333,22350,112,277.4,18871.5,5958.333333333333,22350
2020-11-02,39500,4547.5,9550,18975.833333333332,5958.333333333333,22350,111,279.2,18975.833333333332,5958.333333333333,22350
2020-11-09,39500,4553.75,9550,19335.5,6050.833333333333,23100,115,283.2,19335.5,6050.833333333333,23100
2020-11-16,39500,4553.75,9550,19520.0,6050.833333333333,23100,116,297.4,19520.0,6050.833333333333,23100
2020-11-23,39500,4553.75,9550,19845.666666666668,6050.833333333333,23100,114,315.6,19845.666666666668,6050.833333333333,23100
2020-11-30,41500,4553.75,9550,20225.0,6091.333333333333,23100,118,329.4,20225.0,6091.333333333333,23100
2020-12-07,42500,4553.75,9550,20761.5,6088.833333333333,24600,121,346.0,20761.5,6088.833333333333,24600
2020-12-14,51000,4553.75,9550,21808.5,6088.833333333333,24600,122,381.4,21808.5,6088.833333333333,24600
2020-12-21,58000,4553.75,9550,23127.166666666668,6088.833333333333,24600,123,426.6,23127.166666666668,6088.833333333333,24600
2020-12-28,61000,4553.75,9550,24976.0,6068.166666666667,24600,126,453.4,24976.0,6068.166666666667,24600
2021-01-04,61000,4553.75,9550,26382.0,6068.166666666667,24600,129,459.2,26382.0,6068.166666666667,24600
2021-01-11,61000,5215.0,11350,26837.5,6649.0,32375,131,463.0,26837.5,6649.0,32375
2021-01-18,62000,5215.0,11350,26902.0,6649.0,32375,138,451.6,26902.0,6649.0,32375
2021-01-25,62000,5215.0,11350,27545.833333333332,6649.0,32375,151,424.4,27545.833333333332,6649.0,32375
2021-02-01,59000,5215.0,11350,27650.0,7190.5,32375,171,396.8,27650.0,7190.5,32375
2021-02-08,55000,6790.625,14500,27334.333333333332,8138.833333333333,29875,172,378.8,27334.333333333332,8138.833333333333,29875
2021-02-15,51500,6790.625,14500,26355.833333333332,8138.833333333333,29875,165,388.4,26355.833333333332,8138.833333333333,29875
2021-02-22,48500,6790.625,14500,25614.333333333332,8138.833333333333,29875,159,402.6,25614.333333333332,8138.833333333333,29875
2021-03-01,48000,6790.625,14500,25679.166666666668,9250.333333333334,29875,154,426.4,25679.166666666668,9250.333333333334,29875
2021-03-08,49000,7326.875,19500,26070.0,8812.833333333334,30875,148,438.4,26070.0,8812.833333333334,30875
2021-03-15,50500,7326.875,19500,26647.833333333332,8812.833333333334,30875,142,425.8,26647.833333333332,8812.833333333334,30875
2021-03-22,50800,7326.875,19500,27189.166666666668,8812.833333333334,30875,138,408.2,27189.166666666668,8812.833333333334,30875
2021-03-29,51500,7326.875,19500,27973.5,8444.0,30875,136,402.0,27973.5,8444.0,30875
2021-04-05,53500,7786.875,21850,28388.666666666668,8889.833333333334,37600,138,410.6,28388.666666666668,8889.833333333334,37600
2021-04-12,54500,7786.875,21850,28372.666666666668,8889.833333333334,37600,138,416.6,28372.666666666668,8889.833333333334,37600
2021-04-19,58500,7786.875,21850,28179.166666666668,8889.833333333334,37600,138,415.2,28179.166666666668,8889.833333333334,37600
2021-04-26,60500,7786.875,21850,27988.333333333332,9243.666666666666,37600,138,414.2,27988.333333333332,9243.666666666666,37600
2021-05-03,62500,7786.875,21850,27691.666666666668,9243.666666666666,37600,138,424.8,27691.666666666668,9243.666666666666,37600
2021-05-10,63500,7786.875,22250,27462.833333333332,9410.333333333334,37600,140,451.0,27462.833333333332,9410.333333333334,37600
2021-05-17,67000,7786.875,22250,27556.666666666668,9410.333333333334,37600,149,489.2,27556.666666666668,9410.333333333334,37600
2021-05-24,71900,7786.875,22250,28093.333333333332,9410.333333333334,37600,165,493.4,28093.333333333332,9410.333333333334,37600
2021-05-31,71900,7786.875,22250,28769.666666666668,9567.5,37600,180,492.2,28769.666666666668,9567.5,37600
2021-06-07,72500,7786.875,24750,29071.5,10465.833333333334,38350,190,485.0,29071.5,10465.833333333334,38350
2021-06-14,74000,7786.875,24750,28985.666666666668,10465.833333333334,38350,196,486.4,28985.666666666668,10465.833333333334,38350
2021-06-21,74000,7786.875,24750,28770.0,10465.833333333334,38350,201,480.8,28770.0,10465.833333333334,38350
2021-06-28,74000,7786.875,24750,28384.0,11325.333333333334,38350,211,477.6,28384.0,11325.333333333334,38350
2021-07-05,74000,10960.0,28500,27492.666666666668,11304.5,42500,220,478.2,27492.666666666668,11304.5,42500
2021-07-12,73500,10960.0,28500,26745.666666666668,11304.5,42500,227,476.4,26745.666666666668,11304.5,42500
2021-07-19,72500,10960.0,28500,25903.333333333332,11304.5,42500,233,466.2,25903.333333333332,11304.5,42500
2021-07-26,71500,10960.0,28500,25529.666666666668,11315.5,42500,236,462.0,25529.666666666668,11315.5,42500
2021-08-02,69500,10960.0,28500,25586.166666666668,11315.5,42500,240,454.2,25586.166666666668,11315.5,42500
2021-08-09,66000,10960.0,28500,25985.666666666668,11682.166666666666,42500,245,445.8,25985.666666666668,11682.166666666666,42500
2021-08-16,65000,10960.0,28500,26443.666666666668,11682.166666666666,42500,252,439.6,26443.666666666668,11682.166666666666,42500
2021-08-23,63500,10960.0,28500,26492.0,11682.166666666666,42500,261,435.4,26492.0,11682.166666666666,42500
2021-08-30,62000,10960.0,28500,26565.333333333332,11964.666666666666,42500,280,432.6,26565.333333333332,11964.666666666666,42500
2021-09-06,59000,10960.0,28500,26611.333333333332,11035.5,40000,306,428.2,26611.333333333332,11035.5,40000
2021-09-13,56500,10960.0,28500,26503.833333333332,11035.5,40000,349,425.2,26503.833333333332,11035.5,40000
2021-09-20,55000,10960.0,28500,26300.666666666668,11035.5,40000,407,424.0,26300.666666666668,11035.5,40000
2021-09-27,54000,10960.0,28500,25800.833333333332,10162.333333333334,40000,447,422.6,25800.833333333332,10162.333333333334,40000
2021-10-04,56800,10960.0,28500,25451.666666666668,10162.333333333334,40000,448,420.8,25451.666666666668,10162.333333333334,40000
2021-10-11,59000,19732.5,40500,25367.666666666668,9144.833333333334,38500,449,433.2,25367.666666666668,9144.833333333334,38500
2021-10-18,64000,19732.5,40500,25184.0,9144.833333333334,38500,455,460.6,25184.0,9144.833333333334,38500
2021-10-25,73000,19732.5,40500,25891.166666666668,9144.833333333334,38500,455,478.6,25891.166666666668,9144.833333333334,38500
2021-11-01,77000,19732.5,40500,26893.333333333332,8139.833333333333,38500,456,479.4,26893.333333333332,8139.833333333333,38500
2021-11-08,79000,19935.0,42500,27639.166666666668,7353.166666666667,39250,459,475.6,27639.166666666668,7353.166666666667,39250
2021-11-15,78000,19935.0,42500,28212.5,7353.166666666667,39250,438,474.8,28212.5,7353.166666666667,39250
2021-11-22,72500,19935.0,42500,28891.666666666668,7353.166666666667,39250,392,474.2,28891.666666666668,7353.166666666667,39250
2021-11-29,64000,19935.0,42500,29597.5,6656.333333333333,39250,346,470.2,29597.5,6656.333333333333,39250
2021-12-06,61500,18193.75,42500,29847.333333333332,6210.5,39250,326,463.4,29847.333333333332,6210.5,39250
2021-12-13,60500,18193.75,42500,29273.666666666668,6210.5,39250,337,452.4,29273.666666666668,6210.5,39250
2021-12-20,61500,18193.75,42500,28555.333333333332,6210.5,39250,338,447.2,28555.333333333332,6210.5,39250
2021-12-27,62500,18193.75,42500,28100.666666666668,5828.666666666667,39250,341,444.8,28100.666666666668,5828.666666666667,39250
2022-01-03,63500,18193.75,42500,27600.666666666668,5828.666666666667,39250,346,444.0,27600.666666666668,5828.666666666667,39250
2022-01-10,63500,18193.75,42500,27550.833333333332,6188.666666666667,39000,353,445.0,27550.833333333332,6188.666666666667,39000
2022-01-17,63700,18193.75,42500,27921.333333333332,6188.666666666667,39000,388,455.2,27921.333333333332,6188.666666666667,39000
2022-01-24,62500,18193.75,42500,27734.166666666668,6188.666666666667,39000,415,455.6,27734.166666666668,6188.666666666667,39000
2022-01-31,62900,18193.75,42500,28049.666666666668,6401.166666666667,39000,428,458.4,28049.666666666668,6401.166666666667,39000
2022-02-07,65000,21315.0,42500,29297.166666666668,7075.333333333333,40500,428,476.4,29297.166666666668,7075.333333333333,40500
2022-02-14,65500,21315.0,42500,30577.166666666668,7075.333333333333,40500,422,490.8,30577.166666666668,7075.333333333333,40500
2022-02-21,69000,21315.0,42500,31345.333333333332,7075.333333333333,40500,418,493.8,31345.333333333332,7075.333333333333,40500
2022-02-28,78000,21315.0,42500,32240.333333333332,7654.666666666667,40500,427,496.6,32240.333333333332,7654.666666666667,40500
2022-03-07,77000,21315.0,42500,33330.666666666664,8403.0,39500,456,539.4,33330.666666666664,8403.0,39500
2022-03-14,74000,21315.0,42500,32028.166666666668,8403.0,39500,577,607.6,32028.166666666668,8403.0,39500
2022-03-21,67000,21315.0,42500,29089.0,8403.0,39500,597,623.8,29089.0,8403.0,39500
2022-03-28,69500,21315.0,42500,27375.833333333332,9061.5,39500,536,624.8,27375.833333333332,9061.5,39500
2022-04-04,69500,21315.0,42500,26427.5,9061.5,39500,489,620.6,26427.5,9061.5,39500
2022-04-11,67500,20179.375,40500,25801.0,8039.0,46000,419,617.4,25801.0,8039.0,46000
2022-04-18,64000,20179.375,40500,26598.5,8039.0,46000,485,608.2,26598.5,8039.0,46000
2022-04-25,61500,20179.375,40500,29005.5,8039.0,46000,502,583.4,29005.5,8039.0,46000
2022-05-02,58000,20179.375,40500,30830.5,7244.5,46000,500,532.6,30830.5,7244.5,46000
2022-05-09,56000,19291.25,40500,31433.666666666668,7219.5,42000,494,505.8,31433.666666666668,7219.5,42000
2022-05-16,54000,19291.25,40500,30921.5,7219.5,42000,493,466.6,30921.5,7219.5,42000
2022-05-23,50000,19291.25,40500,28634.833333333332,7219.5,42000,495,445.8,28634.833333333332,7219.5,42000
2022-05-30,46000,19291.25,40500,23311.833333333332,7222.166666666667,42000,464,439.8,23311.833333333332,7222.166666666667,42000
2022-06-06,43500,13871.875,25000,20531.166666666668,5901.333333333333,33000,418,422.8,20531.166666666668,5901.333333333333,33000
2022-06-13,42000,13871.875,25000,18898.5,5901.333333333333,33000,393,410.0,18898.5,5901.333333333333,33000
2022-06-20,43000,13871.875,25000,18003.833333333332,5901.333333333333,33000,392,368.6,18003.833333333332,5901.333333333333,33000
2022-06-27,44000,13871.875,25000,17632.166666666668,4685.5,33000,371,327.6,17632.166666666668,4685.5,33000
2022-07-04,45000,13871.875,25000,17326.166666666668,4685.5,33000,331,326.6,17326.166666666668,4685.5,33000
2022-07-11,45500,8598.75,18000,17035.5,4110.5,29900,302,371.2,17035.5,4110.5,29900
2022-07-18,47000,8598.75,18000,18076.333333333332,4110.5,29900,272,381.8,18076.333333333332,4110.5,29900
2022-07-25,47500,8598.75,18000,19229.333333333332,4110.5,29900,257,363.2,19229.333333333332,4110.5,29900
2022-08-01,47500,8598.75,18000,20769.0,3361.0,29900,227,336.2,20769.0,3361.0,29900
2022-08-08,49000,7776.25,14500,23051.666666666668,3319.3333333333335,23250,220,338.2,23051.666666666668,3319.3333333333335,23250
2022-08-15,47500,7776.25,14500,23503.833333333332,3319.3333333333335,23250,238,369.8,23503.833333333332,3319.3333333333335,23250
2022-08-22,46500,7776.25,14500,23630.666666666668,3319.3333333333335,23250,264,374.6,23630.666666666668,3319.3333333333335,23250
2022-08-29,46000,7776.25,14500,23466.166666666668,3308.6666666666665,23250,270,382.0,23466.166666666668,3308.6666666666665,23250
