Date,Price,Open,High,Low,Vol.,Change %
03/31/2023,1043.2,1061.0,1061.0,1042.0,571.72,-1.68
03/30/2023,1061.0,1074.6,1084.8,1058.0,1.3,-1.27
03/29/2023,1074.6,1040.6,1078.4,1035.4,1.79,3.53
03/28/2023,1038.0,1041.4,1044.0,1033.0,269.09,-0.17
03/27/2023,1039.8,1036.2,1042.6,1032.2,410.74,0.5
03/24/2023,1034.6,1041.6,1043.0,1028.0,360.85,-0.44
03/23/2023,1039.2,1046.0,1049.6,1038.0,289.63,-0.73
03/22/2023,1046.8,1036.2,1053.8,1033.2,415.7,0.79
03/21/2023,1038.6,1065.0,1065.0,1034.2,618.43,-2.02
03/20/2023,1060.0,1036.2,1062.0,1030.0,897.83,2.55
03/17/2023,1033.6,1033.0,1039.8,1023.0,671.77,0.51
03/16/2023,1028.4,1015.4,1031.8,1002.0,856.84,0.88
03/15/2023,1019.4,1036.0,1040.0,1010.8,844.08,-1.6
03/14/2023,1036.0,1041.4,1044.8,1035.0,554.68,-0.58
03/13/2023,1042.0,1053.0,1059.6,1033.8,723.2,-0.97
03/10/2023,1052.2,1048.0,1061.8,1044.6,637.77,-0.04
03/09/2023,1052.6,1060.0,1064.0,1048.2,437.91,-0.3
03/07/2023,1055.8,1053.0,1060.0,1045.2,519.46,0.27
03/06/2023,1053.0,1067.0,1070.2,1049.2,683.46,-0.98
03/03/2023,1063.4,1050.0,1065.0,1046.2,400.02,1.37
03/02/2023,1049.0,1061.0,1072.0,1032.0,1.09,-1.08
03/01/2023,1060.4,1057.0,1066.2,1047.2,647.38,0.51
02/28/2023,1055.0,1064.0,1074.8,1050.0,1.03,-0.57
02/27/2023,1061.0,1039.0,1062.0,1030.6,1.12,1.86
02/24/2023,1041.6,1025.8,1043.0,1021.6,993.88,1.54
02/22/2023,1025.8,1012.8,1032.0,1004.0,1.3,1.28
02/21/2023,1012.8,985.8,1018.4,981.0,1.38,2.82
02/20/2023,985.0,980.0,988.6,958.0,714.83,0.96
02/17/2023,975.6,971.0,988.2,957.4,622.29,0.18
02/16/2023,973.8,968.0,989.0,956.4,985.56,0.95
02/15/2023,964.6,991.6,998.4,948.4,1.48,-3.15
02/14/2023,996.0,1017.0,1019.6,991.4,926.91,-1.97
02/13/2023,1016.0,1020.0,1038.4,1015.0,724.12,-0.45
02/10/2023,1020.6,1008.0,1027.0,1000.0,894.15,1.19
02/09/2023,1008.6,980.6,1019.0,971.0,1.63,2.69
02/08/2023,982.2,999.0,1009.4,981.0,1.36,-1.78
02/07/2023,1000.0,1040.6,1045.0,992.2,1.74,-3.38
02/06/2023,1035.0,1016.2,1048.0,1006.0,1.51,1.85
02/03/2023,1016.2,992.2,1025.0,981.4,1.43,1.91
02/02/2023,997.2,981.6,1014.4,960.6,1.86,2.11
02/01/2023,976.6,931.0,977.0,925.8,1.66,5.12
01/31/2023,929.0,913.0,932.0,911.8,998.96,1.77
01/30/2023,912.8,896.6,917.6,894.0,688.13,1.94
01/27/2023,895.4,882.0,896.0,878.6,488.94,1.59
01/26/2023,881.4,876.0,883.8,871.4,306.49,0.71
01/25/2023,875.2,871.2,879.2,868.2,444.43,0.0
01/24/2023,875.2,894.0,898.0,872.0,442.75,-1.88
01/23/2023,892.0,887.0,893.8,882.2,333.78,0.47
01/20/2023,887.8,894.0,904.0,881.0,574.34,-0.72
01/19/2023,894.2,905.6,910.6,891.4,382.66,-1.82
01/18/2023,910.8,905.8,923.4,898.0,506.54,0.77
01/17/2023,903.8,922.6,927.8,902.0,663.91,-1.97
01/16/2023,922.0,890.8,927.8,890.8,784.45,3.55
01/13/2023,890.4,880.8,893.6,875.2,330.22,1.14
01/12/2023,880.4,880.0,885.0,869.8,415.68,0.07
01/11/2023,879.8,865.6,879.8,862.0,422.41,1.88
01/10/2023,863.6,872.0,872.0,860.0,403.57,-1.03
01/09/2023,872.6,887.2,892.8,862.2,835.93,-1.33
01/06/2023,884.4,882.0,894.0,878.4,328.17,0.18
01/05/2023,882.8,885.8,891.4,874.4,297.18,-0.65
01/04/2023,888.6,896.8,900.8,883.0,369.93,-1.0
01/03/2023,897.6,901.4,909.6,892.8,358.18,-0.71
12/30/2022,904.0,894.8,929.6,887.2,652.37,1.78
12/29/2022,888.2,889.8,896.0,883.0,327.86,-0.07
12/28/2022,888.8,907.4,909.6,882.8,694.9,-2.05
12/27/2022,907.4,895.4,907.8,889.6,588.57,1.61
12/26/2022,893.0,892.0,899.8,883.6,644.35,0.5
12/23/2022,888.6,884.4,900.0,874.4,469.74,0.7
12/22/2022,882.4,869.8,885.0,867.4,884.41,1.54
12/21/2022,869.0,888.6,891.8,864.2,1.48,-1.9
12/20/2022,885.8,872.0,892.0,870.2,1.06,1.19
12/19/2022,875.4,855.0,881.8,850.6,1.33,2.53
12/16/2022,853.8,837.4,858.2,835.8,804.16,1.69
12/15/2022,839.6,837.0,844.8,828.0,1.12,0.17
12/14/2022,838.2,839.0,845.0,833.2,611.74,-0.4
12/13/2022,841.6,821.0,848.8,820.6,1.47,2.56
12/12/2022,820.6,805.4,821.8,800.0,1.02,1.94
12/09/2022,805.0,801.0,816.0,794.6,528.63,0.5
12/08/2022,801.0,793.0,803.4,790.0,715.62,1.11
12/07/2022,792.2,782.0,795.8,778.6,432.93,1.05
12/06/2022,784.0,784.4,789.8,777.0,253.96,0.46
12/05/2022,780.4,776.2,787.6,771.0,349.68,0.31
12/02/2022,778.0,784.0,788.0,773.0,487.17,-0.84
12/01/2022,784.6,787.8,792.6,782.6,282.57,-0.78
11/30/2022,790.8,793.4,794.4,783.2,328.96,-0.23
11/29/2022,792.6,792.0,797.0,790.0,230.88,0.13
11/28/2022,791.6,783.4,792.8,780.8,271.41,0.0
11/25/2022,791.6,791.0,793.8,782.6,241.5,-0.05
11/24/2022,792.0,799.4,805.0,788.4,411.67,-0.8
11/23/2022,798.4,796.8,801.8,786.6,511.37,1.11
11/22/2022,789.6,776.0,793.4,768.4,579.23,1.73
11/21/2022,776.2,789.8,789.8,770.4,360.21,-1.52
11/18/2022,788.2,781.6,788.4,772.0,335.82,0.36
11/17/2022,785.4,791.4,796.0,780.8,343.88,-0.78
11/16/2022,791.6,773.2,799.8,771.0,548.17,2.38
11/15/2022,773.2,798.0,802.0,753.0,883.47,-2.77
11/14/2022,795.2,802.4,806.0,787.0,649.31,-0.45
11/11/2022,798.8,803.6,804.6,785.0,483.96,-0.2
11/10/2022,800.4,787.0,805.0,773.6,1.1,1.91
11/09/2022,785.4,814.6,819.8,777.0,1.38,-4.5
11/08/2022,822.4,824.0,837.0,807.0,1.1,-0.19
11/07/2022,824.0,787.4,830.0,787.4,1.55,5.37
11/03/2022,782.0,770.0,788.6,760.0,1.21,1.56
11/02/2022,770.0,790.0,790.0,760.2,579.03,-2.43
11/01/2022,789.2,792.8,798.4,775.8,861.12,0.31
10/31/2022,786.8,816.0,819.0,784.4,1.3,-3.63
10/28/2022,816.4,826.4,830.2,805.4,1.68,-1.21
10/27/2022,826.4,779.2,831.8,772.6,2.4,6.0
10/26/2022,779.6,757.8,784.6,745.4,1.65,2.96
10/25/2022,757.2,727.6,762.6,723.8,900.73,4.07
10/24/2022,727.6,731.2,743.6,712.6,1.36,-0.63
10/21/2022,732.2,687.0,736.8,676.8,2.02,6.58
10/20/2022,687.0,657.6,688.6,656.2,1.27,5.08
10/19/2022,653.8,644.2,656.2,636.8,1.13,1.52
10/18/2022,644.0,656.0,666.6,641.2,1.69,-1.74
10/17/2022,655.4,618.0,656.0,611.4,2.17,6.4
10/14/2022,616.0,592.8,616.0,586.0,1.51,4.3
10/13/2022,590.6,594.2,600.6,587.2,324.23,-0.91
10/12/2022,596.0,604.6,608.0,589.0,481.75,-0.77
10/11/2022,600.6,593.0,606.0,582.8,891.18,1.35
10/10/2022,592.6,565.0,595.0,560.0,768.83,3.49
10/07/2022,572.6,589.8,592.4,570.0,496.87,-3.11
10/06/2022,591.0,595.0,604.6,585.4,403.89,-0.67
10/05/2022,595.0,607.0,608.8,575.0,829.32,-2.49
10/04/2022,610.2,639.0,640.6,606.0,629.94,-3.78
10/03/2022,634.2,624.6,646.2,611.2,816.4,1.96
09/30/2022,622.0,583.0,626.4,561.0,1.44,7.09
09/29/2022,580.8,618.0,620.0,571.8,1.01,-5.81
09/28/2022,616.6,622.0,633.8,602.0,552.86,-1.25
09/27/2022,624.4,620.0,633.0,589.0,851.63,3.04
09/26/2022,606.0,690.4,693.0,599.2,1.78,-13.48
09/23/2022,700.4,724.0,724.0,687.2,816.48,-3.29
09/22/2022,724.2,701.0,734.6,701.0,730.89,3.34
09/21/2022,700.8,688.0,723.8,676.0,967.64,-3.82
09/20/2022,728.6,781.6,785.4,714.0,1.26,-6.88
09/19/2022,782.4,783.0,790.6,778.2,335.18,0.13
09/16/2022,781.4,773.0,784.0,773.0,389.7,0.8
09/15/2022,775.2,770.2,788.0,761.2,630.76,0.73
09/14/2022,769.6,777.8,777.8,756.6,576.11,-1.05
09/13/2022,777.8,782.2,783.6,772.2,442.49,-0.28
09/12/2022,780.0,780.0,793.0,777.0,624.53,-0.36
09/09/2022,782.8,780.2,783.0,773.2,489.1,1.08
09/08/2022,774.4,783.2,787.2,769.2,546.51,-1.35
09/07/2022,785.0,787.8,802.8,783.0,645.33,-0.36
09/06/2022,787.8,798.0,805.0,780.0,1.35,-1.28
09/05/2022,798.0,777.6,798.0,765.0,793.86,3.05
09/02/2022,774.4,744.8,774.4,738.6,806.25,4.31
09/01/2022,742.4,754.8,755.0,740.4,436.95,-1.64
08/31/2022,754.8,744.4,770.6,740.0,735.14,1.48
08/30/2022,743.8,740.0,754.8,737.0,772.51,0.65
08/29/2022,739.0,712.4,739.0,711.0,758.04,3.7
08/26/2022,712.6,705.8,712.6,704.0,167.46,0.96
08/25/2022,705.8,710.4,713.8,701.0,301.82,-0.59
08/24/2022,710.0,711.6,714.0,704.0,277.27,-0.28
08/23/2022,712.0,709.6,715.6,706.2,275.31,0.56
08/22/2022,708.0,704.6,709.4,699.8,255.55,0.65
08/19/2022,703.4,699.0,704.6,691.6,310.36,0.57
08/18/2022,699.4,702.0,705.0,696.6,244.82,-0.37
08/17/2022,702.0,716.0,720.8,702.0,465.31,-1.63
08/16/2022,713.6,708.2,714.2,701.0,612.0,0.76
08/15/2022,708.2,708.4,708.4,695.2,422.71,1.17
08/12/2022,700.0,700.2,705.6,691.6,310.78,-0.71
08/11/2022,705.0,700.8,714.0,697.0,578.83,1.0
08/10/2022,698.0,707.6,708.6,695.2,425.1,-1.36
08/09/2022,707.6,685.0,707.6,672.0,686.74,3.51
08/08/2022,683.6,714.0,714.0,683.6,529.46,0.53
08/05/2022,680.0,704.0,718.8,680.0,667.56,-2.63
08/04/2022,698.4,695.0,703.0,686.6,421.87,0.34
08/03/2022,696.0,720.0,724.6,695.4,741.88,-4.05
08/02/2022,725.4,731.0,740.0,717.2,583.95,-0.9
08/01/2022,732.0,736.6,754.6,732.0,1.07,-0.25
07/29/2022,733.8,715.2,735.8,707.6,652.1,1.92
07/28/2022,720.0,744.0,751.6,712.8,1.12,-3.02
07/27/2022,742.4,730.2,753.4,725.4,1.19,2.68
07/26/2022,723.0,698.6,723.4,697.0,692.55,4.03
07/25/2022,695.0,688.8,698.6,679.8,801.23,0.78
07/22/2022,689.6,680.0,689.6,670.4,690.1,0.97
07/21/2022,683.0,699.0,699.0,677.0,1.02,-2.82
07/20/2022,702.8,711.6,721.6,698.6,811.69,-1.71
07/19/2022,715.0,722.6,722.6,706.0,543.88,-1.0
07/18/2022,722.2,739.4,741.0,722.0,355.02,-2.38
07/15/2022,739.8,746.0,749.6,725.0,564.69,-0.51
07/14/2022,743.6,757.4,770.0,738.2,353.34,-1.69
07/13/2022,756.4,779.4,785.0,748.0,581.53,-3.0
07/12/2022,779.8,805.0,808.6,770.6,541.47,-3.56
07/11/2022,808.6,816.2,819.4,800.0,297.26,-1.56
07/08/2022,821.4,822.4,822.6,811.0,229.77,-0.29
07/07/2022,823.8,831.0,831.0,811.0,346.11,-0.89
07/06/2022,831.2,826.4,843.8,820.4,389.15,-0.1
07/05/2022,832.0,848.0,848.0,802.0,634.59,-1.75
07/04/2022,846.8,836.0,848.2,830.0,440.13,2.02
07/01/2022,830.0,829.6,859.0,810.0,824.58,0.0
06/30/2022,830.0,842.0,849.8,797.0,1.25,-1.19
06/29/2022,840.0,803.8,840.0,784.6,1.16,3.6
06/28/2022,810.8,832.0,843.0,802.8,636.37,-2.62
06/27/2022,832.6,818.6,832.8,811.0,591.47,1.71
06/24/2022,818.6,807.0,837.8,800.0,1.47,1.44
06/23/2022,807.0,784.0,808.2,774.0,925.68,2.7
06/22/2022,785.8,765.0,785.8,750.0,870.47,1.97
06/21/2022,770.6,770.0,794.8,753.0,1.51,0.34
06/20/2022,768.0,738.0,775.0,733.0,1.32,4.49
06/17/2022,735.0,741.4,743.2,724.8,699.38,-0.86
06/16/2022,741.4,726.6,745.0,723.0,804.02,2.12
06/15/2022,726.0,720.4,733.0,714.2,557.77,0.83
06/14/2022,720.0,711.6,720.0,704.2,563.64,-0.14
06/10/2022,721.0,714.0,723.8,701.2,718.36,0.98
06/09/2022,714.0,733.4,739.0,706.4,957.64,-2.43
06/08/2022,731.8,718.2,748.4,718.0,1.94,2.01
06/07/2022,717.4,716.2,723.0,694.2,1.7,0.08
06/06/2022,716.8,712.0,735.2,680.2,4.19,0.82
06/03/2022,711.0,812.0,830.0,685.0,11.74,-12.85
06/02/2022,815.8,958.0,970.0,807.0,3.7,-15.27
06/01/2022,962.8,962.0,974.6,945.4,468.89,-1.23
05/31/2022,974.8,1000.0,1001.2,965.0,405.05,-2.99
05/30/2022,1004.8,1030.2,1031.8,989.0,482.17,-2.92
05/27/2022,1035.0,1042.2,1059.2,1026.0,358.44,-0.67
05/26/2022,1042.0,1047.8,1068.0,1025.6,399.67,-0.38
05/25/2022,1046.0,1010.0,1049.0,1005.6,298.03,4.18
05/24/2022,1004.0,1028.0,1049.6,988.0,697.35,-4.47
05/23/2022,1051.0,1118.0,1118.0,1019.0,397.14,-5.45
05/20/2022,1111.6,1152.0,1152.6,1102.2,318.25,-3.39
05/19/2022,1150.6,1145.0,1158.8,1125.0,283.21,0.58
05/18/2022,1144.0,1120.0,1159.4,1115.0,400.26,2.69
05/17/2022,1114.0,1106.0,1120.0,1102.0,213.98,0.78
05/16/2022,1105.4,1090.0,1110.0,1084.2,283.54,2.14
05/13/2022,1082.2,1100.0,1109.2,1078.0,257.61,-0.95
05/12/2022,1092.6,1124.8,1134.6,1078.0,289.58,-2.88
05/11/2022,1125.0,1105.6,1130.0,1104.0,304.63,1.53
05/06/2022,1108.0,1098.6,1108.0,1090.0,172.99,0.54
05/05/2022,1102.0,1088.8,1103.8,1083.6,207.89,1.94
05/04/2022,1081.0,1096.0,1120.0,1074.8,302.05,-1.28
04/29/2022,1095.0,1052.0,1096.0,1043.0,292.13,3.32
04/28/2022,1059.8,1095.0,1097.4,1050.0,362.51,-1.87
04/27/2022,1080.0,1062.0,1096.6,1060.6,342.23,0.95
04/26/2022,1069.8,1044.0,1072.6,1033.4,405.59,1.4
04/25/2022,1055.0,1055.0,1058.2,1031.0,236.75,-0.64
04/22/2022,1061.8,1047.2,1068.0,995.0,406.83,1.61
04/21/2022,1045.0,1040.4,1064.2,1020.0,567.42,0.0
04/20/2022,1045.0,1005.0,1045.0,986.6,712.46,4.15
04/19/2022,1003.4,973.8,1015.6,964.2,539.46,3.06
04/18/2022,973.6,973.0,985.0,957.0,271.58,0.27
04/15/2022,971.0,975.0,994.6,950.0,421.5,-0.47
04/14/2022,975.6,1019.0,1019.0,970.4,375.01,-3.73
04/13/2022,1013.4,1035.6,1042.2,1001.2,337.36,-2.14
04/12/2022,1035.6,1014.0,1046.2,982.0,712.41,1.73
04/11/2022,1018.0,1070.0,1079.0,1015.0,650.82,-4.66
04/08/2022,1067.8,1082.2,1082.2,1049.0,365.48,0.17
04/07/2022,1066.0,1065.0,1085.0,1057.6,713.26,0.4
04/06/2022,1061.8,1093.0,1095.2,1050.2,1.13,-2.85
04/05/2022,1093.0,1186.4,1208.8,1080.8,1.03,-7.76
04/04/2022,1185.0,1219.2,1248.0,1163.0,852.42,-0.64
04/01/2022,1192.6,1149.0,1200.0,1111.2,1.08,8.42
03/31/2022,1100.0,1069.0,1140.0,1066.0,1.17,3.97
03/30/2022,1058.0,1002.0,1068.0,1002.0,448.62,4.36
03/29/2022,1013.8,1061.6,1097.0,980.0,700.14,-3.8
03/28/2022,1053.8,1159.0,1160.0,1040.0,606.03,-9.19
03/25/2022,1160.4,1299.6,1340.0,1137.0,577.92,-9.34
03/24/2022,1280.0,1315.0,1439.0,1250.0,2.67,-2.68
02/25/2022,1315.0,1280.0,1432.2,1257.8,2.06,5.2
02/24/2022,1250.0,1490.0,1500.0,954.6,7.25,-22.11
02/22/2022,1604.8,1489.4,1612.0,1430.2,4.8,7.4
02/21/2022,1494.2,1639.6,1674.8,1382.4,5.51,-8.67
02/18/2022,1636.0,1621.0,1663.8,1600.4,2.99,1.44
02/17/2022,1612.8,1668.0,1669.0,1597.0,2.26,-3.37
02/16/2022,1669.0,1660.8,1675.2,1634.4,1.04,1.09
02/15/2022,1651.0,1621.0,1669.8,1616.0,1.38,1.98
02/14/2022,1619.0,1592.8,1645.0,1542.8,3.24,1.24
02/11/2022,1599.2,1640.0,1658.6,1592.0,1.7,-3.02
02/10/2022,1649.0,1679.8,1682.6,1622.8,1.87,-1.56
02/09/2022,1675.2,1628.0,1698.6,1622.4,2.13,2.96
02/08/2022,1627.0,1558.0,1629.4,1553.0,1.54,4.36
02/07/2022,1559.0,1563.6,1582.0,1550.0,1.2,-0.1
02/04/2022,1560.6,1562.0,1591.6,1545.0,1.39,0.14
02/03/2022,1558.4,1568.0,1571.8,1540.0,1.04,-0.6
02/02/2022,1567.8,1539.4,1581.0,1530.0,1.42,1.81
02/01/2022,1540.0,1508.4,1544.0,1491.0,1.27,1.92
01/31/2022,1511.0,1470.6,1520.0,1470.6,1.26,2.4
01/28/2022,1475.6,1474.0,1496.0,1451.2,1.28,0.55
01/27/2022,1467.6,1429.0,1485.8,1405.8,2.15,2.77
01/26/2022,1428.0,1428.0,1467.8,1400.4,1.73,0.29
01/25/2022,1423.8,1395.8,1434.0,1374.0,1.79,0.55
01/24/2022,1416.0,1481.2,1492.6,1367.4,2.26,-4.32
01/21/2022,1480.0,1481.0,1510.0,1465.2,1.48,-0.19
01/20/2022,1482.8,1494.0,1524.8,1471.0,1.52,0.15
01/19/2022,1480.6,1467.0,1496.8,1416.0,3.72,1.38
01/18/2022,1460.4,1520.4,1521.8,1416.4,2.3,-3.59
01/17/2022,1514.8,1548.0,1568.8,1493.4,1.15,-2.38
01/14/2022,1551.8,1564.0,1580.0,1499.0,1.67,-1.18
01/13/2022,1570.4,1580.0,1595.8,1534.4,1.3,-1.31
01/12/2022,1591.2,1572.4,1593.0,1562.0,840.07,1.2
01/11/2022,1572.4,1560.0,1594.4,1545.0,1.0,1.14
01/10/2022,1554.6,1580.0,1600.0,1540.2,941.33,-1.86
01/06/2022,1584.0,1570.0,1610.4,1562.2,562.49,0.56
01/05/2022,1575.2,1603.4,1617.4,1562.6,755.21,-1.76
01/04/2022,1603.4,1620.0,1625.6,1598.0,515.5,-1.01
01/03/2022,1619.8,1600.4,1621.0,1594.0,455.4,0.97
12/30/2021,1604.2,1568.0,1606.6,1557.2,863.01,2.15
12/29/2021,1570.4,1587.6,1594.0,1556.8,1.05,-1.08
12/28/2021,1587.6,1583.8,1595.8,1570.2,1.33,-0.06
12/27/2021,1588.6,1578.0,1599.6,1573.2,560.75,0.67
12/24/2021,1578.0,1560.0,1580.0,1550.4,462.77,1.09
12/23/2021,1561.0,1567.0,1579.0,1553.8,936.11,0.0
12/22/2021,1561.0,1547.8,1570.0,1526.0,884.19,1.01
12/21/2021,1545.4,1510.0,1547.0,1510.0,1.06,2.21
12/20/2021,1512.0,1499.6,1522.0,1476.4,1.04,0.61
12/17/2021,1502.8,1500.0,1511.6,1480.2,1.1,-0.28
12/16/2021,1507.0,1455.0,1518.4,1450.0,1.58,3.77
12/15/2021,1452.2,1461.2,1478.4,1424.6,1.67,-0.95
12/14/2021,1466.2,1491.0,1494.8,1321.2,2.35,-1.12
12/13/2021,1482.8,1515.2,1523.8,1482.2,2.12,-7.07
12/10/2021,1595.6,1590.2,1604.2,1583.2,2.07,0.36
12/09/2021,1589.8,1595.6,1604.8,1572.2,1.53,-0.36
12/08/2021,1595.6,1600.0,1630.2,1579.8,1.69,-0.49
12/07/2021,1603.4,1556.0,1608.4,1551.2,1.39,3.05
12/06/2021,1556.0,1571.2,1585.8,1537.2,1.06,-0.9
12/03/2021,1570.2,1598.6,1612.2,1556.6,1.22,-1.08
12/02/2021,1587.4,1568.8,1588.8,1557.2,1.13,1.56
12/01/2021,1563.0,1566.8,1594.6,1554.6,1.41,-0.1
11/30/2021,1564.6,1607.6,1616.8,1547.6,3.06,-3.49
11/29/2021,1621.2,1601.4,1638.0,1601.4,807.2,1.81
11/26/2021,1592.4,1647.2,1647.2,1590.0,1.27,-3.85
11/25/2021,1656.2,1651.6,1666.0,1650.0,438.71,0.06
11/24/2021,1655.2,1672.0,1676.4,1650.2,882.05,-0.76
11/23/2021,1667.8,1651.0,1677.0,1627.4,1.97,0.25
11/22/2021,1663.6,1670.6,1673.0,1621.0,1.56,-0.61
11/19/2021,1673.8,1700.0,1708.0,1655.6,1.14,-1.25
11/18/2021,1695.0,1671.4,1709.4,1668.2,1.27,1.41
11/17/2021,1671.4,1675.8,1683.8,1668.0,717.43,0.12
11/16/2021,1669.4,1678.8,1678.8,1662.0,708.59,0.12
11/15/2021,1667.4,1673.2,1690.8,1665.0,894.13,-0.54
11/12/2021,1676.4,1662.0,1679.0,1645.2,1.26,0.62
11/11/2021,1666.0,1644.8,1680.0,1632.0,1.09,1.52
11/10/2021,1641.0,1678.2,1682.0,1623.0,1.22,-2.01
11/09/2021,1674.6,1663.0,1694.6,1655.0,1.22,0.53
11/08/2021,1665.8,1633.0,1672.0,1633.0,1.09,2.06
11/05/2021,1632.2,1651.0,1657.0,1617.0,996.54,-1.14
11/03/2021,1651.0,1645.0,1657.0,1635.2,703.63,0.22
11/02/2021,1647.4,1660.0,1665.0,1639.0,976.34,-0.9
11/01/2021,1662.4,1615.0,1664.0,1605.6,1.19,2.99
10/29/2021,1614.2,1617.0,1624.6,1609.6,1.06,-0.32
10/28/2021,1619.4,1629.8,1635.2,1596.0,1.95,-0.65
10/27/2021,1630.0,1630.2,1638.0,1611.2,973.34,-0.21
10/26/2021,1633.4,1632.0,1654.4,1625.4,1.47,0.07
10/25/2021,1632.2,1618.6,1644.2,1618.6,1.14,0.69
10/22/2021,1621.0,1626.8,1641.6,1618.0,1.25,-0.43
10/21/2021,1628.0,1616.2,1655.8,1614.2,1.72,0.01
10/20/2021,1627.8,1648.0,1650.6,1612.4,1.64,-1.48
10/19/2021,1652.2,1646.0,1664.8,1618.4,2.55,0.77
10/18/2021,1639.6,1591.0,1640.8,1576.0,3.64,4.59
10/15/2021,1567.6,1598.8,1599.8,1544.0,1.87,-1.75
10/14/2021,1595.6,1595.2,1605.0,1579.0,1.27,0.57
10/13/2021,1586.6,1598.0,1605.0,1572.0,1.46,-0.3
10/12/2021,1591.4,1594.0,1599.0,1575.2,1.24,-0.26
10/11/2021,1595.6,1591.0,1604.0,1570.4,1.35,0.72
10/08/2021,1584.2,1560.0,1609.4,1541.2,2.29,1.55
10/07/2021,1560.0,1540.2,1575.0,1528.2,2.25,1.43
10/06/2021,1538.0,1472.0,1549.8,1462.6,2.43,3.57
10/05/2021,1485.0,1452.6,1485.0,1430.2,2.45,1.55
10/04/2021,1462.4,1505.0,1507.8,1439.0,2.21,-2.82
10/01/2021,1504.8,1515.4,1515.6,1491.0,1.8,-1.0
09/30/2021,1520.0,1549.8,1550.0,1510.0,1.38,-1.5
09/29/2021,1543.2,1535.0,1554.6,1528.0,1.15,0.65
09/28/2021,1533.2,1572.2,1572.2,1524.0,1.16,-2.22
09/27/2021,1568.0,1566.2,1590.0,1557.0,985.72,0.29
09/24/2021,1563.4,1579.6,1599.8,1543.8,1.51,-1.01
09/23/2021,1579.4,1573.0,1580.0,1536.0,1.93,1.18
09/22/2021,1561.0,1535.0,1581.0,1521.8,1.83,2.58
09/21/2021,1521.8,1524.6,1536.4,1496.0,2.33,0.77
09/20/2021,1510.2,1554.8,1561.0,1505.0,2.26,-3.87
09/17/2021,1571.0,1610.0,1613.0,1563.8,1.89,-2.36
09/16/2021,1609.0,1624.0,1630.0,1606.0,1.09,-1.34
09/15/2021,1630.8,1622.4,1651.2,1598.4,2.13,0.52
09/14/2021,1622.4,1647.6,1647.6,1615.2,1.44,-1.6
09/13/2021,1648.8,1638.2,1655.2,1623.6,1.08,0.84
09/10/2021,1635.0,1620.4,1647.0,1606.0,1.34,1.21
09/09/2021,1615.4,1654.8,1655.8,1612.6,1.73,-2.53
09/08/2021,1657.4,1668.4,1668.4,1654.6,807.91,-0.28
09/07/2021,1662.0,1668.0,1673.6,1650.0,720.51,-0.06
09/06/2021,1663.0,1645.0,1671.2,1640.0,951.08,0.91
09/03/2021,1648.0,1671.6,1678.2,1634.6,2.1,-1.42
09/02/2021,1671.8,1656.2,1704.0,1643.2,2.49,0.65
09/01/2021,1661.0,1647.6,1668.8,1622.6,2.96,-3.56
08/31/2021,1722.4,1746.0,1749.2,1713.2,2.45,-0.98
08/30/2021,1739.4,1742.0,1754.0,1734.4,1.24,0.29
08/27/2021,1734.4,1705.0,1734.4,1692.2,1.56,2.1
08/26/2021,1698.8,1709.0,1716.4,1695.8,1.21,-0.61
08/25/2021,1709.2,1688.6,1716.4,1683.4,1.31,1.22
08/24/2021,1688.6,1695.0,1705.0,1676.4,1.43,-0.09
08/23/2021,1690.2,1673.6,1695.0,1663.2,1.07,1.27
08/20/2021,1669.0,1692.4,1698.4,1653.8,1.08,-0.88
08/19/2021,1683.8,1693.8,1699.0,1660.4,1.69,-1.37
08/18/2021,1707.2,1744.2,1751.2,1699.0,1.37,-2.07
08/17/2021,1743.2,1754.0,1759.8,1738.6,1.16,-1.02
08/16/2021,1761.2,1745.0,1774.2,1742.8,764.14,0.77
08/13/2021,1747.8,1740.0,1755.0,1729.0,648.92,0.21
08/12/2021,1744.2,1767.0,1768.4,1737.4,876.97,-1.31
08/11/2021,1767.4,1777.0,1788.2,1761.0,764.83,-0.43
08/10/2021,1775.0,1748.6,1777.6,1734.8,1.29,2.25
08/09/2021,1736.0,1756.6,1757.4,1726.8,1.7,-1.35
08/06/2021,1759.8,1800.6,1803.6,1756.2,1.18,-2.06
08/05/2021,1796.8,1799.0,1799.0,1783.0,813.26,0.4
08/04/2021,1789.6,1796.0,1806.0,1782.2,755.5,-0.18
08/03/2021,1792.8,1782.6,1795.0,1776.4,757.92,0.38
08/02/2021,1786.0,1799.8,1814.8,1781.6,1.03,-0.74
07/30/2021,1799.4,1797.0,1808.0,1776.2,2.54,0.22
07/29/2021,1795.4,1799.2,1810.4,1775.6,1.29,0.41
07/28/2021,1788.0,1787.4,1804.0,1770.2,1.17,0.27
07/27/2021,1783.2,1749.8,1789.0,1742.8,1.94,1.98
07/26/2021,1748.6,1730.0,1749.2,1714.0,1.03,0.4
07/23/2021,1741.6,1738.8,1753.0,1727.6,985.47,0.15
07/22/2021,1739.0,1717.0,1741.8,1710.6,1.57,1.59
07/21/2021,1711.8,1720.0,1729.8,1704.2,1.5,-0.28
07/20/2021,1716.6,1678.2,1724.0,1675.8,2.82,2.57
07/19/2021,1673.6,1661.6,1677.8,1642.8,1.67,0.6
07/16/2021,1663.6,1704.0,1718.2,1642.6,2.59,-0.99
07/15/2021,1680.2,1656.8,1684.2,1646.4,1.47,1.68
07/14/2021,1652.4,1671.2,1690.0,1646.0,1.65,-1.11
07/13/2021,1671.0,1630.0,1676.4,1620.8,2.04,2.4
07/12/2021,1631.8,1628.0,1640.4,1604.0,1.33,0.43
07/09/2021,1624.8,1555.6,1629.4,1555.6,1.88,4.09
07/08/2021,1561.0,1591.4,1620.8,1552.2,1.69,-1.82
07/07/2021,1590.0,1534.0,1590.0,1531.6,1.47,4.04
07/06/2021,1528.2,1560.0,1561.4,1511.0,1.25,-1.72
07/05/2021,1555.0,1570.0,1573.8,1546.6,990.29,-1.21
07/02/2021,1574.0,1561.4,1587.0,1561.4,691.63,0.25
07/01/2021,1570.0,1577.0,1593.4,1556.2,1.01,-0.47
06/30/2021,1577.4,1543.6,1579.6,1530.0,1.59,2.39
06/29/2021,1540.6,1574.4,1578.0,1531.2,1.26,-1.96
06/28/2021,1571.4,1566.2,1597.8,1551.6,1.92,0.33
06/25/2021,1566.2,1575.0,1592.6,1535.4,3.65,-0.97
06/24/2021,1581.6,1600.0,1616.2,1484.2,5.66,-1.19
06/23/2021,1600.6,1603.0,1617.2,1591.8,895.21,-0.15
06/22/2021,1603.0,1618.0,1624.8,1586.0,1.1,-0.62
06/21/2021,1613.0,1617.8,1619.8,1578.8,2.34,-0.43
06/18/2021,1620.0,1632.2,1643.2,1603.0,2.14,-1.01
06/17/2021,1636.6,1660.0,1665.6,1627.6,1.78,-1.49
06/16/2021,1661.4,1690.4,1694.2,1660.2,1.34,-1.98
06/15/2021,1695.0,1715.6,1727.8,1690.0,1.33,-1.52
06/14/2021,1721.2,1735.0,1758.0,1708.6,1.04,-0.73
06/11/2021,1733.8,1692.0,1750.8,1685.0,2.25,2.53
06/10/2021,1691.0,1653.2,1700.0,1645.8,2.21,2.18
06/09/2021,1655.0,1661.4,1661.6,1634.0,1.26,-0.23
06/08/2021,1658.8,1685.0,1704.2,1643.0,1.89,-1.58
06/07/2021,1685.4,1645.0,1689.2,1628.6,1.3,2.36
06/04/2021,1646.6,1662.8,1671.0,1605.2,2.12,-1.02
06/03/2021,1663.6,1683.2,1692.6,1654.4,1.54,-1.07
06/02/2021,1681.6,1700.8,1705.0,1662.6,1.65,-0.8
06/01/2021,1695.2,1686.0,1697.6,1675.8,1.35,0.55
05/31/2021,1686.0,1680.0,1696.8,1652.0,2.24,-4.11
05/28/2021,1758.2,1750.0,1775.0,1739.0,2.28,0.11
05/27/2021,1756.2,1757.4,1778.6,1734.4,2.55,0.1
05/26/2021,1754.4,1786.2,1796.0,1731.4,2.06,-1.93
05/25/2021,1789.0,1780.2,1800.0,1768.6,878.8,0.28
05/24/2021,1784.0,1779.0,1787.2,1765.6,666.41,0.03
05/21/2021,1783.4,1822.0,1822.0,1770.2,1.34,-1.63
05/20/2021,1813.0,1762.0,1824.6,1762.0,1.95,2.56
05/19/2021,1767.8,1783.8,1787.8,1752.8,1.47,-0.9
05/18/2021,1783.8,1781.0,1815.8,1762.2,1.72,0.62
05/17/2021,1772.8,1779.8,1791.8,1753.0,754.54,-0.4
05/14/2021,1780.0,1780.0,1789.8,1751.2,1.16,-0.5
05/13/2021,1789.0,1823.0,1827.2,1764.2,1.77,-1.66
05/12/2021,1819.2,1825.2,1847.0,1813.8,857.12,-0.47
05/11/2021,1827.8,1826.2,1845.6,1803.6,1.17,-0.19
05/10/2021,1831.2,1836.0,1864.0,1822.0,1.3,-0.24
05/07/2021,1835.6,1760.0,1837.0,1759.4,2.39,4.3
05/06/2021,1760.0,1757.6,1769.4,1722.6,1.77,0.45
05/05/2021,1752.2,1759.0,1760.0,1700.4,1.97,-0.32
05/04/2021,1757.8,1777.4,1792.4,1730.2,1.66,-0.91
04/30/2021,1774.0,1810.0,1810.0,1757.6,1.46,-2.08
04/29/2021,1811.6,1801.0,1817.2,1787.4,803.09,0.91
04/28/2021,1795.2,1804.0,1836.8,1769.0,2.22,-0.92
04/27/2021,1811.8,1875.6,1877.6,1779.6,3.73,-3.42
04/26/2021,1876.0,1877.4,1905.0,1855.0,2.06,-0.28
04/23/2021,1881.2,1871.6,1889.6,1852.8,1.64,0.34
04/22/2021,1874.8,1830.0,1911.2,1802.4,3.6,2.57
04/21/2021,1827.8,1760.0,1828.6,1752.2,2.57,4.51
04/20/2021,1749.0,1745.0,1776.0,1731.4,1.78,0.77
04/19/2021,1735.6,1773.0,1819.0,1722.0,3.58,-1.88
04/16/2021,1768.8,1677.8,1769.4,1671.2,2.48,6.01
04/15/2021,1668.6,1600.0,1671.0,1592.6,1.41,3.52
04/14/2021,1611.8,1642.0,1647.6,1596.8,1.33,-1.25
04/13/2021,1632.2,1609.0,1650.0,1605.0,2.22,1.52
04/12/2021,1607.8,1534.6,1610.0,1530.8,1.59,4.55
04/09/2021,1537.8,1555.0,1558.0,1525.2,837.25,-0.98
04/08/2021,1553.0,1537.0,1556.2,1521.2,1.28,2.05
04/07/2021,1521.8,1490.0,1533.0,1467.2,2.24,1.25
04/06/2021,1503.0,1510.2,1527.8,1493.0,1.48,-0.32
04/05/2021,1507.8,1529.8,1529.8,1497.2,767.91,-1.33
04/02/2021,1528.2,1510.0,1531.4,1503.0,537.78,1.26
04/01/2021,1509.2,1540.0,1560.0,1492.4,2.18,-1.66
03/31/2021,1534.6,1481.0,1553.2,1477.2,2.3,3.65
03/30/2021,1480.6,1452.2,1486.2,1450.0,1.57,2.73
03/29/2021,1441.2,1422.0,1451.8,1413.2,2.36,1.05
03/26/2021,1426.2,1398.0,1429.0,1398.0,1.76,2.12
03/25/2021,1396.6,1402.0,1420.6,1375.0,1.88,-0.07
03/24/2021,1397.6,1388.0,1413.6,1362.4,1.13,1.38
03/23/2021,1378.6,1415.0,1415.0,1371.6,1.33,-2.35
03/22/2021,1411.8,1425.0,1425.0,1403.6,743.68,-0.76
03/19/2021,1422.6,1417.4,1441.8,1407.2,1.89,0.79
03/18/2021,1411.4,1420.6,1440.6,1406.2,999.9,-0.4
03/17/2021,1417.0,1431.0,1440.6,1414.4,1.06,-1.27
03/16/2021,1435.2,1444.4,1445.6,1410.0,1.28,-0.07
03/15/2021,1436.2,1398.8,1450.8,1398.0,1.69,2.0
03/12/2021,1408.0,1369.0,1414.4,1350.0,1.9,3.45
03/11/2021,1361.0,1344.6,1366.8,1339.8,1.27,1.99
03/10/2021,1334.4,1310.0,1340.0,1301.4,1.42,1.43
03/09/2021,1315.6,1345.0,1350.6,1286.6,2.11,-1.75
03/05/2021,1339.0,1340.6,1341.2,1321.6,1.11,0.45
03/04/2021,1333.0,1377.4,1380.2,1327.2,1.37,-3.08
03/03/2021,1375.4,1358.0,1381.0,1358.0,1.51,1.13
03/02/2021,1360.0,1364.6,1380.0,1351.2,1.11,-0.5
03/01/2021,1366.8,1350.0,1374.4,1328.6,1.24,1.73
02/26/2021,1343.6,1330.0,1368.2,1325.8,2.51,0.19
02/25/2021,1341.0,1306.0,1363.4,1305.8,2.35,2.81
02/24/2021,1304.4,1324.4,1330.0,1292.4,1.29,-2.26
02/22/2021,1334.6,1320.0,1345.6,1303.8,1.56,1.74
02/20/2021,1311.8,1312.0,1320.0,1299.0,234.89,0.26
02/19/2021,1308.4,1280.6,1319.4,1271.0,984.72,2.15
02/18/2021,1280.8,1291.0,1294.6,1275.0,961.94,-0.94
02/17/2021,1293.0,1301.0,1305.0,1286.0,945.93,-0.61
02/16/2021,1301.0,1289.8,1303.0,1280.4,940.53,1.03
02/15/2021,1287.8,1290.0,1299.2,1277.0,880.35,0.05
02/12/2021,1287.2,1275.6,1289.8,1247.6,982.82,0.78
02/11/2021,1277.2,1281.0,1284.8,1273.4,527.06,-0.45
02/10/2021,1283.0,1285.0,1295.6,1275.0,823.48,-0.36
02/09/2021,1287.6,1302.8,1304.0,1281.6,785.97,-0.68
02/08/2021,1296.4,1288.0,1306.4,1285.0,1.3,0.73
02/05/2021,1287.0,1306.8,1308.0,1277.0,1.16,-0.97
02/04/2021,1299.6,1287.4,1313.0,1283.6,1.79,1.21
02/03/2021,1284.0,1293.2,1298.6,1272.8,822.35,-0.23
02/02/2021,1287.0,1287.8,1299.4,1280.2,1.07,0.67
02/01/2021,1278.4,1271.6,1285.0,1263.8,1.25,1.24
01/29/2021,1262.8,1275.0,1281.8,1252.6,1.9,-1.31
01/28/2021,1279.6,1275.0,1288.8,1263.2,1.43,-0.08
01/27/2021,1280.6,1326.0,1333.4,1273.2,2.02,-2.7
01/26/2021,1316.2,1309.2,1327.2,1295.0,929.47,0.24
01/25/2021,1313.0,1328.0,1337.0,1290.8,1.66,-0.56
01/22/2021,1320.4,1336.0,1341.8,1304.0,1.55,-1.79
01/21/2021,1344.4,1345.0,1354.0,1323.6,1.32,0.33
01/20/2021,1340.0,1340.6,1352.6,1333.0,1.05,-0.03
01/19/2021,1340.4,1363.0,1365.2,1335.2,1.0,-0.55
01/18/2021,1347.8,1352.0,1361.4,1313.0,1.7,0.22
01/15/2021,1344.8,1366.0,1394.4,1340.4,1.74,-1.67
01/14/2021,1367.6,1306.0,1382.8,1286.6,2.84,3.95
01/13/2021,1315.6,1332.0,1343.8,1303.0,1.47,-1.29
01/12/2021,1332.8,1346.0,1361.6,1318.0,1.34,-1.36
01/11/2021,1351.2,1372.0,1384.6,1324.4,1.42,-1.31
01/08/2021,1369.2,1333.0,1384.8,1332.8,1.69,3.23
01/06/2021,1326.4,1334.0,1340.6,1317.8,840.83,-0.58
01/05/2021,1334.2,1338.0,1344.6,1298.6,2.04,-0.67
01/04/2021,1343.2,1324.0,1364.0,1324.0,999.39,1.51
12/30/2020,1323.2,1335.2,1349.4,1312.2,1.39,-1.09
12/29/2020,1337.8,1375.2,1392.6,1310.2,2.33,-2.66
12/28/2020,1374.4,1356.2,1378.2,1345.6,1.33,0.81
12/25/2020,1363.4,1329.2,1378.6,1324.6,1.33,3.19
12/24/2020,1321.2,1295.6,1327.4,1289.4,891.47,1.79
12/23/2020,1298.0,1292.0,1302.4,1280.0,857.77,0.92
12/22/2020,1286.2,1247.8,1295.6,1244.0,1.3,2.73
12/21/2020,1252.0,1254.0,1278.0,1218.6,1.9,-0.92
12/18/2020,1263.6,1244.0,1278.4,1217.4,1.86,1.01
12/17/2020,1251.0,1279.8,1279.8,1241.8,1.57,-1.42
12/16/2020,1269.0,1264.2,1283.0,1244.2,1.42,0.16
12/15/2020,1267.0,1269.0,1289.6,1251.4,1.46,-0.13
12/14/2020,1268.6,1235.0,1294.0,1203.4,4.11,3.59
12/11/2020,1224.6,1201.6,1239.2,1200.2,1.69,1.71
12/10/2020,1204.0,1172.2,1209.0,1172.2,1.56,2.89
12/09/2020,1170.2,1167.8,1185.8,1165.0,1.32,0.38
12/08/2020,1165.8,1162.0,1210.0,1147.8,3.03,0.24
12/07/2020,1163.0,1150.2,1184.0,1148.8,3.21,-2.17
12/04/2020,1188.8,1156.8,1190.4,1151.8,2.29,3.68
12/03/2020,1146.6,1164.8,1164.8,1135.2,1.49,-1.1
12/02/2020,1159.4,1145.0,1170.2,1142.0,1.69,1.35
12/01/2020,1144.0,1136.2,1146.8,1128.8,974.9,1.08
11/30/2020,1131.8,1145.0,1149.0,1119.6,2.25,-1.34
11/27/2020,1147.2,1149.0,1154.8,1132.8,1.05,0.0
11/26/2020,1147.2,1125.0,1149.2,1123.6,1.19,1.7
11/25/2020,1128.0,1140.0,1143.0,1121.0,1.33,-0.97
11/24/2020,1139.0,1117.4,1144.8,1115.4,1.24,2.15
11/23/2020,1115.0,1107.2,1122.8,1107.2,840.55,0.7
11/20/2020,1107.2,1096.4,1108.0,1096.2,417.25,0.16
11/19/2020,1105.4,1114.0,1121.4,1095.4,802.33,-1.11
11/18/2020,1117.8,1118.0,1124.0,1107.4,888.52,0.14
11/17/2020,1116.2,1132.6,1134.0,1106.0,1.22,-1.4
11/16/2020,1132.0,1114.8,1134.8,1111.4,1.31,2.07
11/13/2020,1109.0,1091.6,1110.0,1085.0,971.94,1.61
11/12/2020,1091.4,1095.6,1104.8,1082.6,1.21,-0.46
11/11/2020,1096.4,1095.0,1102.6,1087.6,1.03,0.29
11/10/2020,1093.2,1097.6,1099.0,1081.6,1.25,-0.44
11/09/2020,1098.0,1100.0,1106.8,1083.0,1.59,0.66
11/06/2020,1090.8,1074.0,1095.6,1065.4,1.3,0.91
11/05/2020,1081.0,1119.4,1124.8,1066.8,2.48,-2.37
11/03/2020,1107.2,1100.0,1113.8,1087.4,930.61,1.3
11/02/2020,1093.0,1085.0,1099.8,1067.0,925.5,0.74
10/30/2020,1085.0,1051.2,1092.2,1038.0,1.49,2.75
10/29/2020,1056.0,1042.0,1060.8,1039.0,896.97,1.52
10/28/2020,1040.2,1058.2,1061.0,1035.0,1.45,-2.13
10/27/2020,1062.8,1064.0,1081.0,1059.6,1.35,-0.02
10/26/2020,1063.0,1064.0,1071.6,1042.0,767.48,-0.37
10/23/2020,1067.0,1061.4,1070.0,1052.2,1.06,0.49
10/22/2020,1061.8,1015.4,1062.6,1014.8,2.21,5.21
10/21/2020,1009.2,1007.8,1017.6,1002.0,659.38,0.34
10/20/2020,1005.8,988.6,1008.8,988.0,655.97,1.8
10/19/2020,988.0,999.8,1000.8,982.0,459.36,-0.72
10/16/2020,995.2,1001.8,1006.8,992.6,609.25,-0.66
10/15/2020,1001.8,1006.8,1006.8,997.0,551.67,-0.32
10/14/2020,1005.0,984.4,1007.6,984.4,677.64,1.21
10/13/2020,993.0,1008.4,1016.2,989.2,732.3,-1.68
10/12/2020,1010.0,1004.6,1012.0,998.2,573.28,1.04
10/09/2020,999.6,1004.2,1007.0,995.4,458.06,-0.06
10/08/2020,1000.2,993.0,1007.8,993.0,705.28,0.54
10/07/2020,994.8,996.0,1003.6,990.2,784.59,-0.4
10/06/2020,998.8,1008.6,1008.6,992.4,743.74,-0.66
10/05/2020,1005.4,1004.4,1012.0,997.6,867.39,0.38
10/02/2020,1001.6,994.0,1005.6,988.0,516.44,0.5
10/01/2020,996.6,998.0,1003.4,986.8,581.41,0.46
09/30/2020,992.0,1010.0,1010.6,988.4,852.71,-1.59
09/29/2020,1008.0,984.0,1013.8,981.2,1.69,2.54
09/28/2020,983.0,985.8,995.2,975.6,883.2,-0.16
09/25/2020,984.6,973.4,987.0,967.8,701.35,0.98
09/24/2020,975.0,974.8,979.0,962.2,800.94,0.72
09/23/2020,968.0,976.8,983.6,967.2,1.26,-0.84
09/22/2020,976.2,967.4,981.6,966.6,879.99,0.41
09/21/2020,972.2,979.0,979.0,960.0,950.03,-0.39
09/18/2020,976.0,992.0,992.0,973.4,1.06,-1.39
09/17/2020,989.8,983.8,994.6,980.8,784.89,0.26
09/16/2020,987.2,996.8,998.2,977.0,1.29,-0.98
09/15/2020,997.0,990.0,998.0,986.0,1.32,0.97
09/14/2020,987.4,974.2,990.4,971.0,1.16,2.0
09/11/2020,968.0,970.8,973.0,964.2,1.03,0.21
09/10/2020,966.0,947.8,975.2,939.8,2.04,2.37
09/09/2020,943.6,928.0,947.4,927.0,1.61,1.62
09/08/2020,928.6,930.0,936.8,926.0,1.36,-0.11
09/07/2020,929.6,931.0,933.0,925.6,924.28,-1.88
09/04/2020,947.4,942.4,949.2,932.4,1.25,0.4
09/03/2020,943.6,951.0,957.0,942.0,1.13,-0.78
09/02/2020,951.0,948.4,959.4,941.0,1.35,0.49
09/01/2020,946.4,934.6,947.6,919.6,1.33,1.65
08/31/2020,931.0,945.0,952.2,929.2,1.37,-1.34
08/28/2020,943.6,954.4,954.4,941.0,550.44,-0.9
08/27/2020,952.2,963.0,964.8,948.6,789.47,-1.06
08/26/2020,962.4,963.0,965.0,956.2,638.08,-0.04
08/25/2020,962.8,966.4,968.8,955.8,722.66,0.02
08/24/2020,962.6,964.4,969.0,961.2,524.03,0.25
08/21/2020,960.2,959.0,963.8,946.6,764.91,0.25
08/20/2020,957.8,965.4,968.4,951.8,827.75,-0.85
08/19/2020,966.0,963.0,974.0,956.6,745.4,0.54
08/18/2020,960.8,965.0,971.0,959.4,936.33,-0.78
08/17/2020,968.4,969.8,974.0,957.2,795.84,0.29
08/14/2020,965.6,972.8,974.0,956.2,795.99,-0.45
08/13/2020,970.0,973.8,976.6,962.8,1.11,-0.37
08/12/2020,973.6,941.8,978.0,941.8,1.7,3.09
08/11/2020,944.4,934.0,952.0,933.2,1.73,1.2
08/10/2020,933.2,925.8,934.0,925.2,629.9,0.91
08/07/2020,924.8,938.2,940.0,912.4,1.19,-1.6
08/06/2020,939.8,941.0,946.0,933.6,706.72,-0.09
08/05/2020,940.6,935.0,942.0,929.4,1.15,0.64
08/04/2020,934.6,920.0,935.0,918.0,1.19,1.94
08/03/2020,916.8,912.6,920.0,910.0,672.61,0.46
07/31/2020,912.6,912.0,920.0,904.0,990.9,0.46
07/30/2020,908.4,925.4,925.6,896.0,1.28,-1.84
07/29/2020,925.4,920.0,928.6,915.6,871.55,0.67
07/28/2020,919.2,912.6,925.2,911.6,1.17,1.06
07/27/2020,909.6,894.8,912.6,893.8,897.87,1.72
07/24/2020,894.2,889.8,897.0,885.2,612.62,0.52
07/23/2020,889.6,899.6,901.6,889.0,902.84,-0.78
07/22/2020,896.6,895.0,899.6,886.6,886.69,0.27
07/21/2020,894.2,890.6,902.4,890.4,1.08,0.74
07/20/2020,887.6,878.4,887.6,874.0,750.44,1.07
07/17/2020,878.2,880.0,884.0,875.4,427.08,-0.18
07/16/2020,879.8,877.8,884.6,874.0,646.19,-0.45
07/15/2020,883.8,880.0,891.0,875.4,839.69,0.89
07/14/2020,876.0,875.0,879.2,862.4,896.83,0.37
07/13/2020,872.8,882.8,889.0,870.6,572.65,-0.84
07/10/2020,880.2,866.8,882.4,866.8,621.31,0.46
07/09/2020,876.2,894.0,896.8,867.8,1.01,-1.99
07/08/2020,894.0,890.0,897.4,886.0,501.24,0.2
07/07/2020,892.2,902.4,903.6,881.4,869.8,-0.98
07/06/2020,901.0,892.0,906.0,890.2,1.6,1.9
07/03/2020,884.2,868.2,887.8,866.0,896.41,1.75
07/02/2020,869.0,867.2,874.8,863.6,655.64,0.58
06/30/2020,864.0,855.4,870.8,852.6,1.29,1.08
06/29/2020,854.8,850.0,855.0,841.0,872.22,0.38
06/26/2020,851.6,863.4,864.8,847.2,1.32,-1.14
06/25/2020,861.4,865.2,867.4,856.4,1.23,-1.22
06/23/2020,872.0,870.4,878.0,868.0,753.46,0.16
06/22/2020,870.6,873.2,874.0,862.2,1.16,-0.18
06/19/2020,872.2,879.8,882.6,871.6,1.81,-0.25
06/18/2020,874.4,883.8,884.8,869.2,1.39,-1.04
06/17/2020,883.6,884.2,889.2,876.6,1.3,0.41
06/16/2020,880.0,884.4,897.0,880.0,1.5,0.09
06/15/2020,879.2,885.0,892.4,876.4,2.13,-6.37
06/11/2020,939.0,945.0,950.0,936.2,2.37,-1.2
06/10/2020,950.4,950.0,952.8,942.6,1.21,0.25
06/09/2020,948.0,946.6,954.0,938.0,1.29,0.42
06/08/2020,944.0,952.4,956.6,944.0,1.14,-0.53
06/05/2020,949.0,945.6,951.8,942.4,697.05,0.89
06/04/2020,940.6,950.0,953.2,934.4,1.16,-1.47
06/03/2020,954.6,950.6,954.6,941.6,1.46,1.02
06/02/2020,945.0,938.4,948.0,937.4,991.6,0.64
06/01/2020,939.0,940.6,946.2,928.0,968.63,0.47
05/29/2020,934.6,936.2,940.0,922.4,1.98,-0.57
05/28/2020,940.0,922.0,940.0,915.4,1.34,2.24
05/27/2020,919.4,911.8,923.0,906.4,1.24,1.59
05/26/2020,905.0,909.2,923.0,905.0,2.0,-0.33
05/25/2020,908.0,874.0,909.0,873.0,1.51,4.13
05/22/2020,872.0,857.2,875.0,854.2,1.18,0.97
05/21/2020,863.6,884.4,895.8,862.0,1.4,-2.35
05/20/2020,884.4,862.0,885.2,855.0,1.12,2.55
05/19/2020,862.4,861.4,868.4,855.0,1.0,0.16
05/18/2020,861.0,831.4,861.0,831.4,1.13,4.46
05/15/2020,824.2,828.4,842.6,824.2,1.16,0.1
05/14/2020,823.4,837.8,841.0,818.4,1.57,-1.74
05/13/2020,838.0,852.0,853.6,838.0,992.74,-1.8
05/12/2020,853.4,862.4,867.6,853.4,1.38,-2.07
05/08/2020,871.4,873.0,873.8,866.6,519.53,0.25
05/07/2020,869.2,874.6,881.6,869.2,1.11,-0.16
05/06/2020,870.6,877.0,883.4,870.0,819.54,-0.3
05/05/2020,873.2,876.4,880.8,870.4,542.25,0.25
05/04/2020,871.0,881.0,881.2,866.0,881.38,-2.09
04/30/2020,889.6,879.8,892.4,870.4,1.43,1.6
04/29/2020,875.6,875.6,890.8,870.6,1.2,0.64
04/28/2020,870.0,871.8,886.0,864.2,1.26,0.12
04/27/2020,869.0,866.8,874.8,863.2,897.34,0.77
04/24/2020,862.4,869.4,870.8,861.0,1.0,-0.87
04/23/2020,870.0,874.0,874.6,860.0,996.43,0.16
04/22/2020,868.6,865.8,879.0,861.2,1.46,0.3
04/21/2020,866.0,871.0,871.8,850.4,1.41,-0.94
04/20/2020,874.2,862.2,880.8,858.6,996.9,1.11
04/17/2020,864.6,869.4,877.2,862.2,605.61,0.84
04/16/2020,857.4,862.6,882.2,854.0,1.39,-0.44
04/15/2020,861.2,894.0,896.0,853.4,1.3,-4.2
04/14/2020,899.0,890.0,901.4,887.8,954.62,1.9
04/13/2020,882.2,899.0,900.6,881.4,512.52,-1.98
04/10/2020,900.0,903.6,903.6,892.8,309.05,-0.55
04/09/2020,905.0,900.0,905.0,885.2,1.32,0.65
04/08/2020,899.2,884.0,899.2,878.0,814.79,1.26
04/07/2020,888.0,900.0,904.0,882.4,1.65,-0.54
04/06/2020,892.8,887.0,898.0,876.6,1.05,1.22
04/03/2020,882.0,859.2,885.0,856.6,2.01,2.61
04/02/2020,859.6,855.0,872.0,838.0,1.17,1.32
04/01/2020,848.4,851.4,863.2,845.0,1.2,-2.1
03/31/2020,866.6,848.4,873.0,837.4,2.18,2.73
03/30/2020,843.6,813.8,843.6,807.2,1.01,2.2
03/27/2020,825.4,841.0,847.6,819.0,1.02,-2.76
03/26/2020,848.8,850.0,853.0,819.2,1.33,-0.54
03/25/2020,853.4,851.0,892.0,828.0,2.3,1.14
03/24/2020,843.8,813.8,849.8,809.4,1.88,6.33
03/23/2020,793.6,790.0,818.0,780.0,1.43,-2.34
03/20/2020,812.6,824.8,845.8,800.4,2.2,0.07
03/19/2020,812.0,780.0,820.0,762.0,2.2,4.1
03/18/2020,780.0,777.2,805.0,775.8,1.91,-2.55
03/17/2020,800.4,812.2,830.6,777.0,1.92,-2.25
03/16/2020,818.8,820.4,827.2,770.0,2.19,1.14
03/13/2020,809.6,775.0,825.0,773.0,3.04,4.22
03/12/2020,776.8,800.0,805.0,771.6,3.27,-5.73
03/11/2020,824.0,845.0,848.8,814.4,2.48,-0.6
03/10/2020,829.0,772.0,856.6,770.0,4.37,2.52
03/06/2020,808.6,820.0,826.2,792.6,2.15,-2.58
03/05/2020,830.0,838.0,839.8,823.4,1.71,0.36
03/04/2020,827.0,818.8,834.6,812.0,1.27,0.8
03/03/2020,820.4,830.6,834.8,817.4,1.96,1.21
03/02/2020,810.6,832.6,846.8,799.4,2.45,-0.49
02/28/2020,814.6,845.6,855.6,807.4,3.89,-5.87
02/27/2020,865.4,883.0,892.0,865.4,2.32,-2.37
02/26/2020,886.4,889.0,896.8,881.0,1.85,-0.4
02/25/2020,890.0,899.2,909.6,890.0,1.68,-1.98
02/21/2020,908.0,912.0,915.0,908.0,1.18,-0.85
02/20/2020,915.8,914.6,927.6,911.4,1.26,0.2
02/19/2020,914.0,917.4,920.4,908.4,1.1,-0.07
02/18/2020,914.6,922.4,924.4,913.2,835.02,-1.08
02/17/2020,924.6,930.2,933.6,922.2,514.46,-0.37
02/14/2020,928.0,929.8,933.2,921.4,508.96,0.22
02/13/2020,926.0,935.0,936.0,926.0,623.63,-1.28
02/12/2020,938.0,926.0,943.0,920.2,1.34,1.58
02/11/2020,923.4,926.6,932.4,923.0,956.25,0.15
02/10/2020,922.0,934.2,937.0,919.2,850.35,-1.43
02/07/2020,935.4,925.2,935.4,920.0,913.19,1.12
02/06/2020,925.0,927.0,934.6,918.2,1.02,0.17
02/05/2020,923.4,916.0,934.6,912.0,1.17,1.21
02/04/2020,912.4,908.2,924.8,908.0,1.38,0.91
02/03/2020,904.2,909.8,918.2,904.2,1.99,-0.79
01/31/2020,911.4,940.2,941.2,911.4,1.81,-2.11
01/30/2020,931.0,935.8,942.4,928.4,727.44,-1.08
01/29/2020,941.2,945.6,947.6,933.6,629.79,0.28
01/28/2020,938.6,934.0,942.6,923.6,729.69,0.92
01/27/2020,930.0,946.6,953.0,925.4,1.3,-2.74
01/24/2020,956.2,964.4,973.0,955.8,534.85,-0.6
01/23/2020,962.0,954.0,968.4,946.0,987.73,0.29
01/22/2020,959.2,978.6,986.2,956.4,1.2,-1.98
01/21/2020,978.6,990.0,990.0,971.4,1.11,-1.21
01/20/2020,990.6,980.0,1000.0,960.0,1.25,1.37
01/17/2020,977.2,964.8,978.0,961.0,1.18,1.43
01/16/2020,963.4,962.0,971.0,960.2,771.92,0.33
01/15/2020,960.2,967.0,967.6,950.0,1.42,-0.79
01/14/2020,967.8,960.2,976.2,959.2,1.74,0.79
01/13/2020,960.2,942.0,960.2,936.0,1.33,2.43
01/10/2020,937.4,932.0,937.4,928.4,461.42,0.99
01/09/2020,928.2,926.0,937.0,926.0,1.03,0.11
01/08/2020,927.2,924.2,931.6,918.0,677.14,-0.19
01/06/2020,929.0,945.0,945.6,923.2,737.79,-1.78
01/03/2020,945.8,943.4,947.4,938.4,572.09,0.87
12/30/2019,937.6,940.0,943.8,936.0,477.44,-0.06
12/27/2019,938.2,929.4,943.0,929.4,692.38,0.95
12/26/2019,929.4,927.4,929.8,924.2,262.21,0.35
12/25/2019,926.2,928.4,929.0,922.2,185.21,-0.13
12/24/2019,927.4,930.0,936.0,925.6,388.53,-0.28
12/23/2019,930.0,926.4,930.0,920.4,581.72,0.39
12/20/2019,926.4,926.6,928.0,919.0,567.19,-0.22
12/19/2019,928.4,928.8,928.8,914.6,1.13,-0.02
12/18/2019,928.6,929.0,930.0,922.2,917.98,-0.15
12/17/2019,930.0,924.0,930.0,917.2,1.27,0.76
12/16/2019,923.0,920.2,929.4,915.6,1.02,0.5
12/13/2019,918.4,904.6,920.0,904.0,1.5,1.93
12/12/2019,901.0,897.6,907.0,896.4,1.35,0.49
12/11/2019,896.6,888.0,897.8,886.8,958.76,0.88
12/10/2019,888.8,892.0,892.0,885.0,1.27,-0.31
12/09/2019,891.6,885.0,891.6,881.2,775.75,0.97
12/06/2019,883.0,880.2,885.0,878.0,627.74,0.25
12/05/2019,880.8,877.2,885.0,868.8,992.26,0.62
12/04/2019,875.4,879.2,879.2,865.0,965.42,0.09
12/03/2019,874.6,882.0,885.8,870.4,1.27,-1.18
12/02/2019,885.0,884.2,891.0,878.6,2.0,-2.53
11/29/2019,908.0,907.6,909.4,900.0,1.73,0.02
11/28/2019,907.8,911.0,911.0,898.8,838.13,-0.37
11/27/2019,911.2,914.0,915.0,906.0,798.35,0.18
11/26/2019,909.6,914.8,920.8,906.0,2.55,-0.81
11/25/2019,917.0,903.8,919.0,903.0,1.66,1.69
11/22/2019,901.8,895.6,902.0,891.8,886.85,0.69
11/21/2019,895.6,898.2,902.4,891.0,1.24,-0.82
11/20/2019,903.0,897.0,906.8,895.4,1.2,-0.18
11/19/2019,904.6,887.0,904.6,884.4,1.94,2.33
11/18/2019,884.0,883.2,894.6,880.0,1.27,0.29
11/15/2019,881.4,881.4,886.8,877.2,1.06,0.07
11/14/2019,880.8,891.0,893.8,875.2,1.66,-1.01
11/13/2019,889.8,896.0,900.8,888.2,1.28,-1.13
11/12/2019,900.0,898.0,904.2,893.8,1.4,0.56
11/11/2019,895.0,908.8,916.2,893.6,1.91,-1.61
11/08/2019,909.6,930.8,930.8,905.0,2.35,-2.32
11/07/2019,931.2,922.2,938.4,916.2,1.81,0.82
11/06/2019,923.6,914.0,926.0,914.0,1.62,1.05
11/05/2019,914.0,895.2,916.0,895.0,1.56,2.33
11/01/2019,893.2,885.0,893.2,882.2,631.55,1.25
10/31/2019,882.2,896.0,902.0,880.2,1.29,-1.43
10/30/2019,895.0,903.0,905.6,890.4,1.1,-0.93
10/29/2019,903.4,888.0,906.2,881.6,1.21,1.96
10/28/2019,886.0,880.0,898.2,878.2,1.38,0.87
10/25/2019,878.4,876.4,879.4,872.6,1.15,0.14
10/24/2019,877.2,878.0,880.6,872.4,975.29,0.14
10/23/2019,876.0,876.8,879.2,871.2,1.01,-0.23
10/22/2019,878.0,871.0,882.2,871.0,1.11,0.8
10/21/2019,871.0,879.8,882.0,870.2,1.29,-1.14
10/18/2019,881.0,892.4,892.4,878.0,2.42,-1.45
10/17/2019,894.0,889.0,898.2,887.6,1.05,0.79
10/16/2019,887.0,874.0,888.8,872.0,1.11,1.79
10/15/2019,871.4,876.8,881.8,864.0,1.71,-1.09
10/14/2019,881.0,897.8,899.6,879.0,693.82,-1.39
10/11/2019,893.4,898.4,906.4,889.6,1.15,-0.07
10/10/2019,894.0,877.6,896.0,870.2,983.0,2.41
10/09/2019,873.0,881.8,887.8,870.6,1.02,-0.66
10/08/2019,878.8,884.8,897.2,874.2,1.53,-0.14
10/07/2019,880.0,879.0,892.8,862.2,1.59,0.36
10/04/2019,876.8,886.4,894.4,869.8,1.44,-0.61
10/03/2019,882.2,903.0,903.0,876.2,2.29,-2.15
10/02/2019,901.6,922.0,928.4,901.0,1.72,-2.4
10/01/2019,923.8,935.0,938.8,921.0,1.32,-1.01
09/30/2019,933.2,945.4,950.2,933.2,968.68,-1.19
09/27/2019,944.4,950.0,951.4,941.0,512.3,-0.67
09/26/2019,950.8,947.0,953.2,942.6,673.77,0.61
09/25/2019,945.0,941.2,948.6,935.0,1.04,0.3
09/24/2019,942.2,956.0,965.4,940.8,1.41,-1.3
09/23/2019,954.6,966.0,966.6,953.2,818.04,-1.08
09/20/2019,965.0,967.0,969.0,956.8,1.12,-0.21
09/19/2019,967.0,986.6,993.6,966.0,1.72,-2.01
09/18/2019,986.8,999.0,1003.6,980.4,978.84,-1.2
09/17/2019,998.8,999.0,999.6,990.2,807.54,-0.12
09/16/2019,1000.0,991.0,1000.0,977.6,1.38,-1.38
09/13/2019,1014.0,1016.4,1019.0,1005.4,1.2,-0.45
09/12/2019,1018.6,1020.0,1022.8,1006.4,1.01,-0.33
09/11/2019,1022.0,1005.0,1023.8,1001.0,1.16,1.69
09/10/2019,1005.0,999.8,1006.0,993.6,878.75,0.68
09/09/2019,998.2,1002.8,1002.8,994.0,681.74,0.54
09/06/2019,992.8,1000.0,1001.0,988.2,712.85,-0.88
09/05/2019,1001.6,990.0,1005.0,988.8,1.08,1.52
09/04/2019,986.6,992.8,999.4,983.2,910.2,-0.4
09/03/2019,990.6,1003.0,1005.0,982.4,1.09,-1.24
09/02/2019,1003.0,1000.2,1008.8,993.0,870.52,0.02
08/30/2019,1002.8,980.0,1002.8,979.6,1.29,2.43
08/29/2019,979.0,959.6,980.4,958.0,926.75,2.11
08/28/2019,958.8,952.0,962.6,950.2,1.06,0.61
08/27/2019,953.0,949.4,953.0,941.4,1.07,0.63
08/26/2019,947.0,942.0,951.8,937.2,400.37,0.11
08/23/2019,946.0,945.0,951.8,942.4,618.92,0.21
08/22/2019,944.0,954.0,956.2,941.2,714.38,-1.07
08/21/2019,954.2,958.6,962.4,951.8,496.61,-0.33
08/20/2019,957.4,946.2,964.0,946.2,1.08,1.21
08/19/2019,946.0,933.4,952.0,926.0,1.25,1.9
08/16/2019,928.4,949.0,949.6,926.8,792.84,-1.55
08/15/2019,943.0,950.0,959.4,939.0,1.04,-0.46
08/14/2019,947.4,957.0,959.6,938.6,1.39,-0.69
08/13/2019,954.0,969.6,971.4,951.0,1.14,-1.61
08/12/2019,969.6,970.0,977.6,968.8,695.7,-0.1
08/09/2019,970.6,990.6,992.8,970.6,1.13,-1.88
08/08/2019,989.2,994.0,995.4,989.2,606.05,0.2
08/07/2019,987.2,992.6,996.8,984.2,819.61,-0.18
08/06/2019,989.0,996.0,1000.2,986.2,1.48,-0.3
08/05/2019,992.0,1002.2,1011.0,990.2,1.29,-0.84
08/02/2019,1000.4,1014.0,1050.0,1000.4,923.51,-1.83
08/01/2019,1019.0,1025.0,1028.0,1016.0,342.33,-0.95
07/31/2019,1028.8,1021.8,1029.6,1018.4,398.38,0.47
07/30/2019,1024.0,1032.0,1036.4,1020.2,552.71,-0.49
07/29/2019,1029.0,1028.6,1032.0,1022.4,264.59,0.21
07/26/2019,1026.8,1038.8,1040.6,1025.2,544.64,-1.16
07/25/2019,1038.8,1038.6,1050.0,1031.2,691.96,0.48
07/24/2019,1033.8,1051.0,1051.8,1032.8,573.47,-1.64
07/23/2019,1051.0,1056.2,1061.6,1045.4,458.36,-0.47
07/22/2019,1056.0,1048.6,1059.6,1040.2,352.92,1.21
07/19/2019,1043.4,1061.2,1069.4,1042.2,594.13,-1.92
07/18/2019,1063.8,1051.6,1073.0,1049.2,865.87,0.87
07/17/2019,1054.6,1049.4,1054.8,1046.2,274.57,0.5
07/16/2019,1049.4,1043.2,1056.2,1043.2,609.95,0.56
07/15/2019,1043.6,1049.6,1054.8,1040.6,423.67,-0.08
07/12/2019,1044.4,1054.2,1058.2,1038.0,761.94,-0.93
07/11/2019,1054.2,1079.0,1079.4,1048.0,744.58,-2.33
07/10/2019,1079.4,1071.4,1080.4,1059.4,699.81,0.75
07/09/2019,1071.4,1065.0,1074.4,1061.0,423.77,0.51
07/08/2019,1066.0,1048.6,1066.8,1044.0,607.71,1.35
07/05/2019,1051.8,1065.0,1066.4,1048.4,605.41,-1.24
07/04/2019,1065.0,1078.0,1078.4,1057.8,568.66,-1.24
07/03/2019,1078.4,1080.0,1080.8,1068.0,607.12,0.32
07/02/2019,1075.0,1070.0,1082.0,1066.2,829.64,0.39
07/01/2019,1070.8,1074.4,1085.0,1070.8,641.65,0.3
06/28/2019,1067.6,1080.0,1080.0,1065.0,736.68,-1.84
06/27/2019,1087.6,1097.8,1100.8,1086.2,437.88,-0.59
06/26/2019,1094.0,1098.0,1104.0,1094.0,691.69,-0.13
06/25/2019,1095.4,1082.4,1095.4,1077.2,300.14,1.14
06/24/2019,1083.0,1095.0,1100.0,1078.6,467.01,-1.31
06/21/2019,1097.4,1097.0,1098.0,1086.4,781.84,-0.16
06/20/2019,1099.2,1090.0,1101.8,1085.4,1.23,1.42
06/19/2019,1083.8,1083.0,1093.6,1075.2,718.82,0.22
06/18/2019,1081.4,1056.0,1082.2,1053.4,1.03,2.06
06/17/2019,1059.6,1090.0,1096.8,1059.0,1.4,-5.48
06/14/2019,1121.0,1109.6,1121.6,1103.8,1.47,1.36
06/13/2019,1106.0,1084.8,1109.0,1081.2,1.23,1.95
06/11/2019,1084.8,1060.0,1084.8,1057.0,1.04,2.34
06/10/2019,1060.0,1050.4,1060.0,1050.2,484.93,0.95
06/07/2019,1050.0,1048.8,1054.6,1048.6,625.64,0.11
06/06/2019,1048.8,1032.8,1052.8,1032.8,661.31,1.49
06/05/2019,1033.4,1042.0,1045.8,1030.6,382.42,-1.0
06/04/2019,1043.8,1038.4,1045.0,1035.0,920.35,0.37
06/03/2019,1040.0,1030.0,1042.0,1024.0,697.69,0.35
05/31/2019,1036.4,1044.8,1045.0,1026.2,680.75,-1.13
05/30/2019,1048.2,1039.0,1050.4,1032.8,709.7,0.89
05/29/2019,1039.0,1026.6,1039.0,1019.6,629.58,0.89
05/28/2019,1029.8,1003.6,1029.8,1001.8,1.6,2.75
05/27/2019,1002.2,999.0,1007.0,999.0,163.49,0.4
05/24/2019,998.2,998.0,1007.8,994.0,627.49,0.22
05/23/2019,996.0,1007.8,1008.0,992.4,617.2,-1.23
05/22/2019,1008.4,996.0,1013.8,993.6,988.21,1.27
05/21/2019,995.8,985.0,1004.2,980.0,924.11,1.76
05/20/2019,978.6,977.0,992.0,975.8,718.24,0.55
05/17/2019,973.2,973.8,978.4,967.0,651.32,0.1
05/16/2019,972.2,975.8,982.0,972.2,704.8,-0.39
05/15/2019,976.0,980.0,988.6,974.4,738.68,-0.41
05/14/2019,980.0,993.0,1000.0,980.0,896.28,-0.81
05/13/2019,988.0,1000.0,1006.0,986.4,782.78,-1.06
05/10/2019,998.6,1023.0,1030.6,998.6,1.5,-2.9
05/08/2019,1028.4,1035.0,1037.4,1028.4,429.32,-0.54
05/07/2019,1034.0,1032.2,1043.4,1030.4,773.82,0.14
05/06/2019,1032.6,1026.6,1034.0,1024.0,464.39,-2.12
05/03/2019,1055.0,1058.6,1061.2,1049.0,852.05,0.13
05/02/2019,1053.6,1049.6,1060.0,1046.6,421.52,0.8
04/30/2019,1045.2,1057.6,1060.4,1045.2,582.55,-1.21
04/29/2019,1058.0,1059.0,1065.8,1055.4,364.55,-0.13
04/26/2019,1059.4,1048.0,1059.4,1038.6,545.11,1.38
04/25/2019,1045.0,1053.0,1058.2,1045.0,576.82,-0.76
04/24/2019,1053.0,1040.0,1054.0,1035.2,567.7,1.21
04/23/2019,1040.4,1052.0,1052.6,1036.0,904.5,-1.29
04/22/2019,1054.0,1050.0,1055.0,1048.0,186.69,0.61
04/19/2019,1047.6,1041.0,1049.8,1041.0,207.31,1.18
04/18/2019,1035.4,1037.0,1038.8,1032.0,473.09,-0.15
04/17/2019,1037.0,1046.6,1053.4,1033.4,778.05,-0.92
04/16/2019,1046.6,1039.0,1046.6,1034.8,521.03,0.83
04/15/2019,1038.0,1039.2,1042.8,1030.6,448.56,-0.12
04/12/2019,1039.2,1024.8,1048.4,1023.0,592.89,1.52
04/11/2019,1023.6,1035.0,1038.6,1022.6,465.0,-1.04
04/10/2019,1034.4,1046.0,1052.4,1034.4,865.74,-0.92
04/09/2019,1044.0,1037.0,1050.0,1034.0,717.16,0.1
04/08/2019,1043.0,1045.8,1054.0,1043.0,410.9,-0.02
04/05/2019,1043.2,1053.8,1053.8,1043.2,308.91,-0.84
04/04/2019,1052.0,1058.0,1058.0,1041.4,558.29,-0.6
04/03/2019,1058.4,1045.0,1059.8,1043.0,750.1,1.59
04/02/2019,1041.8,1031.6,1045.4,1028.4,575.6,1.32
04/01/2019,1028.2,1029.6,1038.0,1021.6,626.23,0.02
03/29/2019,1028.0,1027.0,1035.8,1022.2,752.28,0.02
03/28/2019,1027.8,1006.0,1030.0,1004.4,733.45,2.17
03/27/2019,1006.0,1014.8,1016.0,1006.0,306.48,-0.87
03/26/2019,1014.8,1011.0,1014.8,1008.4,275.95,0.63
03/25/2019,1008.4,1011.0,1016.2,1006.8,424.93,-0.51
03/22/2019,1013.6,1017.2,1019.8,1010.4,401.8,-0.35
03/21/2019,1017.2,1016.0,1022.2,1011.0,595.96,0.37
03/20/2019,1013.4,1017.4,1021.8,1007.0,649.02,-0.63
03/19/2019,1019.8,1030.8,1038.4,1016.4,1.01,-1.39
03/18/2019,1034.2,1034.8,1036.8,1020.2,1.1,-0.25
03/15/2019,1036.8,1010.0,1041.0,1005.2,2.08,2.88
03/14/2019,1007.8,1012.8,1019.8,1004.4,452.15,-0.61
03/13/2019,1014.0,1017.8,1023.6,1013.0,572.05,-0.74
03/12/2019,1021.6,1025.8,1031.2,1018.0,436.49,-0.41
03/11/2019,1025.8,1015.2,1026.8,1011.2,343.64,0.49
03/07/2019,1020.8,1029.6,1034.0,1019.4,365.55,-0.85
03/06/2019,1029.6,1034.0,1038.6,1022.2,433.88,-0.37
03/05/2019,1033.4,1041.0,1048.0,1024.0,815.17,-0.79
03/04/2019,1041.6,1033.4,1048.6,1029.2,1.12,1.22
03/01/2019,1029.0,1026.0,1031.8,1021.6,445.48,0.02
02/28/2019,1028.8,1037.6,1037.6,1019.0,776.03,-0.45
02/27/2019,1033.4,1035.0,1039.6,1022.6,508.44,-0.15
02/26/2019,1035.0,1029.0,1035.0,1021.2,530.15,0.5
02/25/2019,1029.8,1005.4,1029.8,1002.0,929.28,2.82
02/22/2019,1001.6,995.0,1002.4,994.0,464.41,0.93
02/21/2019,992.4,1006.0,1008.2,990.4,622.77,-1.53
02/20/2019,1007.8,998.8,1010.8,995.8,696.29,0.88
02/19/2019,999.0,1013.2,1014.6,997.2,340.96,-1.38
02/18/2019,1013.0,1023.0,1028.0,1005.4,373.28,-1.09
02/15/2019,1024.2,1014.8,1027.0,1013.2,436.54,1.01
02/14/2019,1014.0,1002.8,1023.2,1001.6,847.19,0.22
02/13/2019,1011.8,1034.8,1037.4,1010.8,830.64,-2.24
02/12/2019,1035.0,1033.6,1039.2,1023.0,499.62,0.35
02/11/2019,1031.4,1021.0,1035.0,1021.0,731.29,0.9
02/08/2019,1022.2,1020.0,1030.0,1020.0,460.57,-0.37
02/07/2019,1026.0,1016.0,1030.0,1010.2,755.92,0.69
02/06/2019,1019.0,1024.0,1028.8,1012.4,935.56,-0.95
02/05/2019,1028.8,1030.0,1039.8,1022.0,1.13,-0.02
02/04/2019,1029.0,1015.2,1030.0,1014.8,1.1,1.4
02/01/2019,1014.8,1000.2,1014.8,988.6,1.14,1.63
01/31/2019,998.5,979.3,1006.0,976.7,1.96,2.28
01/30/2019,976.2,955.2,976.6,953.3,952.44,2.02
01/29/2019,956.9,953.1,959.3,947.0,491.12,0.46
01/28/2019,952.5,951.0,953.0,942.2,438.97,0.16
01/25/2019,951.0,927.9,951.0,922.3,675.03,2.7
01/24/2019,926.0,944.0,944.7,923.7,953.22,-2.09
01/23/2019,945.8,946.0,952.2,943.3,414.11,-0.68
01/22/2019,952.3,951.6,952.3,946.0,416.31,0.24
01/21/2019,950.0,956.0,956.9,948.2,273.22,-0.5
01/18/2019,954.8,953.7,961.8,950.3,425.58,0.17
01/17/2019,953.2,952.1,954.8,945.2,656.13,0.01
01/16/2019,953.1,954.9,959.2,947.1,510.33,-0.18
01/15/2019,954.8,959.9,964.0,951.8,550.38,-0.59
01/14/2019,960.5,969.8,969.8,956.2,557.87,-1.23
01/11/2019,972.5,970.2,972.5,961.5,709.8,0.26
01/10/2019,970.0,972.5,973.4,958.6,725.45,-0.27
01/09/2019,972.6,953.1,973.5,950.0,1.03,2.09
01/08/2019,952.7,952.0,960.0,941.3,565.63,0.32
01/04/2019,949.7,934.0,949.7,931.1,335.53,1.66
01/03/2019,934.2,940.0,942.6,926.3,601.71,-0.92
