dt,base_byers_price_index,key_rate,dollar_rate
2016-01-31,,,
2016-02-29,,,
2016-03-31,,,
2016-04-30,,,
2016-05-31,,,
2016-06-30,,,
2016-07-31,,,
2016-08-31,,,
2016-09-30,,,
2016-10-31,,,
2016-11-30,,,
2016-12-31,,,
2018-01-09,,7.75,
2018-01-10,,7.75,57.0463
2018-01-11,,7.75,56.8734
2018-01-12,,7.75,56.9957
2018-01-13,,,56.6019
2018-01-15,,7.75,
2018-01-16,,7.75,56.3569
2018-01-17,,7.75,56.3878
2018-01-18,,7.75,56.5925
2018-01-19,,7.75,56.7597
2018-01-20,,,56.5892
2018-01-22,,7.75,
2018-01-23,,7.75,56.6261
2018-01-24,,7.75,56.4115
2018-01-25,,7.75,56.3888
2018-01-26,,7.75,55.9288
2018-01-27,,,55.8288
2018-01-29,,7.75,
2018-01-30,,7.75,56.2908
2018-01-31,,7.75,56.2914
2018-02-01,,7.75,56.184
2018-02-02,,7.75,56.2613
2018-02-03,,,56.0408
2018-02-05,,7.75,
2018-02-06,,7.75,56.6278
2018-02-07,,7.75,57.2196
2018-02-08,,7.75,56.9533
2018-02-09,,7.75,57.6736
2018-02-10,,,58.1718
2018-02-12,,7.5,
2018-02-13,,7.5,58.0171
2018-02-14,,7.5,57.7701
2018-02-15,,7.5,57.5899
2018-02-16,,7.5,56.5918
2018-02-17,,,56.3554
2018-02-19,,7.5,
2018-02-20,,7.5,56.3438
2018-02-21,,7.5,56.5201
2018-02-22,,7.5,56.6537
2018-02-23,,,56.7608
2018-02-26,,7.5,
2018-02-27,,7.5,55.9208
2018-02-28,,7.5,55.6717
2018-03-01,,7.5,56.3742
2018-03-02,,7.5,56.4334
2018-03-03,,,56.6616
2018-03-05,,7.5,
2018-03-06,,7.5,57.1
2018-03-07,,7.5,56.5041
2018-03-08,,,56.8011
2018-03-12,,7.5,
2018-03-13,,7.5,56.6122
2018-03-14,,7.5,56.9359
2018-03-15,,7.5,56.9372
2018-03-16,,7.5,57.0188
2018-03-17,,,57.4942
2018-03-19,,7.5,
2018-03-20,,7.5,57.5521
2018-03-21,,7.5,57.7033
2018-03-22,,7.5,57.4954
2018-03-23,,7.5,56.8391
2018-03-24,,,57.1072
2018-03-26,,7.25,
2018-03-27,,7.25,57.0039
2018-03-28,,7.25,57.1747
2018-03-29,,7.25,57.5598
2018-03-30,,7.25,57.7626
2018-03-31,,,57.2649
2018-04-02,,7.25,
2018-04-03,,7.25,57.285
2018-04-04,,7.25,57.5375
2018-04-05,,7.25,57.7646
2018-04-06,,7.25,57.5796
2018-04-07,,,57.8332
2018-04-09,,7.25,
2018-04-10,,7.25,58.5714
2018-04-11,,7.25,62.3699
2018-04-12,,7.25,64.0626
2018-04-13,,7.25,62.0659
2018-04-14,,,61.4311
2018-04-16,,7.25,
2018-04-17,,7.25,62.2794
2018-04-18,,7.25,61.1454
2018-04-19,,7.25,61.5539
2018-04-20,,7.25,60.8583
2018-04-21,,,61.3222
2018-04-23,,7.25,
2018-04-24,,7.25,61.7655
2018-04-25,,7.25,61.6644
2018-04-26,,7.25,61.7494
2018-04-27,,7.25,62.6027
2018-04-28,,7.25,62.726
2018-04-29,,,61.9997
2018-04-30,,,
2018-05-03,,7.25,
2018-05-04,,7.25,63.486
2018-05-05,,,63.2012
2018-05-07,,7.25,
2018-05-08,,7.25,62.7148
2018-05-09,,,63.0066
2018-05-10,,7.25,
2018-05-11,,7.25,62.5229
2018-05-12,,,61.7354
2018-05-14,,7.25,
2018-05-15,,7.25,61.7684
2018-05-16,,7.25,61.9164
2018-05-17,,7.25,62.3033
2018-05-18,,7.25,61.8215
2018-05-19,,,61.9408
2018-05-21,,7.25,
2018-05-22,,7.25,62.5327
2018-05-23,,7.25,61.261
2018-05-24,,7.25,61.5945
2018-05-25,,7.25,61.409
2018-05-26,,,61.6659
2018-05-28,,7.25,
2018-05-29,,7.25,62.271
2018-05-30,,7.25,62.642
2018-05-31,,7.25,62.5937
2018-06-01,,7.25,62.0188
2018-06-02,,,62.2056
2018-06-04,,7.25,
2018-06-05,,7.25,61.929
2018-06-06,,7.25,61.9822
2018-06-07,,7.25,62.0064
2018-06-08,,7.25,61.8125
2018-06-09,,7.25,62.668
2018-06-10,,,62.3431
2018-06-13,,7.25,
2018-06-14,,7.25,63.1164
2018-06-15,,7.25,62.2511
2018-06-16,,,62.6851
2018-06-18,,7.25,
2018-06-19,,7.25,63.4838
2018-06-20,,7.25,64.0683
2018-06-21,,7.25,63.6175
2018-06-22,,7.25,63.7873
2018-06-23,,,63.2396
2018-06-25,,7.25,
2018-06-26,,7.25,62.9497
2018-06-27,,7.25,62.7908
2018-06-28,,7.25,63.1359
2018-06-29,,7.25,63.291
2018-06-30,,,62.7565
2018-07-02,,7.25,
2018-07-03,,7.25,63.1394
2018-07-04,,7.25,63.2194
2018-07-05,,7.25,63.2267
2018-07-06,,7.25,63.2604
2018-07-07,,,63.1216
2018-07-09,,7.25,
2018-07-10,,7.25,62.8338
2018-07-11,,7.25,62.4442
2018-07-12,,7.25,62.098
2018-07-13,,7.25,62.2062
2018-07-14,,,62.2934
2018-07-16,,7.25,
2018-07-17,,7.25,62.2556
2018-07-18,,7.25,62.4352
2018-07-19,,7.25,62.9006
2018-07-20,,7.25,63.2746
2018-07-21,,,63.4888
2018-07-23,,7.25,
2018-07-24,,7.25,63.1957
2018-07-25,,7.25,62.9235
2018-07-26,,7.25,63.0836
2018-07-27,,7.25,62.9471
2018-07-28,,,62.9726
2018-07-30,,7.25,
2018-07-31,,7.25,62.7805
2018-08-01,,7.25,62.3497
2018-08-02,,7.25,62.559
2018-08-03,,7.25,63.1358
2018-08-04,,,63.4549
2018-08-06,,7.25,
2018-08-07,,7.25,63.4975
2018-08-08,,7.25,63.5425
2018-08-09,,7.25,63.595
2018-08-10,,7.25,66.2856
2018-08-11,,,66.9075
2018-08-13,,7.25,
2018-08-14,,7.25,68.2234
2018-08-15,,7.25,66.7535
2018-08-16,,7.25,66.3772
2018-08-17,,7.25,66.8932
2018-08-18,,,66.8757
2018-08-20,,7.25,
2018-08-21,,7.25,67.1807
2018-08-22,,7.25,67.1783
2018-08-23,,7.25,67.6163
2018-08-24,,7.25,68.5259
2018-08-25,,,67.7911
2018-08-27,,7.25,
2018-08-28,,7.25,67.3963
2018-08-29,,7.25,67.3911
2018-08-30,,7.25,68.1451
2018-08-31,,7.25,68.0821
2018-09-01,,,68.0447
2018-09-03,,7.25,
2018-09-04,,7.25,67.7443
2018-09-05,,7.25,68.2737
2018-09-06,,7.25,68.4628
2018-09-07,,7.25,68.2505
2018-09-08,,,69.0286
2018-09-10,,7.25,
2018-09-11,,7.25,69.8685
2018-09-12,,7.25,69.9744
2018-09-13,,7.25,69.5728
2018-09-14,,7.25,68.637
2018-09-15,,,68.2826
2018-09-17,,7.5,
2018-09-18,,7.5,68.1958
2018-09-19,,7.5,67.7519
2018-09-20,,7.5,67.0098
2018-09-21,,7.5,66.4725
2018-09-22,,,66.2497
2018-09-24,,7.5,
2018-09-25,,7.5,66.1594
2018-09-26,,7.5,65.8244
2018-09-27,,7.5,65.7585
2018-09-28,,7.5,65.8355
2018-09-29,,,65.5906
2018-09-30,,,
2018-10-01,,7.5,
2018-10-02,,7.5,65.5745
2018-10-03,,7.5,65.2221
2018-10-04,,7.5,65.4244
2018-10-05,,7.5,66.2115
2018-10-06,,,66.627
2018-10-08,,7.5,
2018-10-09,,7.5,66.9685
2018-10-10,,7.5,66.4032
2018-10-11,,7.5,66.1832
2018-10-12,,7.5,66.7727
2018-10-13,,,65.9751
2018-10-15,,7.5,
2018-10-16,,7.5,65.7508
2018-10-17,,7.5,65.5305
2018-10-18,,7.5,65.4026
2018-10-19,,7.5,65.7238
2018-10-20,,,65.814
2018-10-22,,7.5,
2018-10-23,,7.5,65.3065
2018-10-24,,7.5,65.3101
2018-10-25,,7.5,65.6299
2018-10-26,,7.5,65.7476
2018-10-27,,,65.6345
2018-10-29,,7.5,
2018-10-30,,7.5,65.8129
2018-10-31,,7.5,65.7742
2018-11-01,,7.5,65.5962
2018-11-02,,7.5,65.6517
2018-11-03,,,65.5799
2018-11-06,,7.5,
2018-11-07,,7.5,65.9912
2018-11-08,,7.5,66.0918
2018-11-09,,7.5,66.2155
2018-11-10,,,66.8497
2018-11-12,,7.5,
2018-11-13,,7.5,67.5238
2018-11-14,,7.5,67.6812
2018-11-15,,7.5,67.9975
2018-11-16,,7.5,66.6159
2018-11-17,,,65.9931
2018-11-19,,7.5,
2018-11-20,,7.5,66.0081
2018-11-21,,7.5,65.5871
2018-11-22,,7.5,65.9485
2018-11-23,,7.5,65.6067
2018-11-24,,,65.6664
2018-11-26,,7.5,
2018-11-27,,7.5,66.5072
2018-11-28,,7.5,66.78
2018-11-29,,7.5,66.9436
2018-11-30,,7.5,66.6342
2018-12-01,,,66.5335
2018-12-03,,7.5,
2018-12-04,,7.5,66.2921
2018-12-05,,7.5,66.4467
2018-12-06,,7.5,66.8242
2018-12-07,,7.5,66.7377
2018-12-08,,,66.9227
2018-12-10,,7.5,
2018-12-11,,7.5,66.2416
2018-12-12,,7.5,66.5022
2018-12-13,,7.5,66.4225
2018-12-14,,7.5,66.255
2018-12-15,,,66.4337
2018-12-17,,7.75,
2018-12-18,,7.75,66.6208
2018-12-19,,7.75,66.7454
2018-12-20,,7.75,67.1121
2018-12-21,,7.75,67.371
2018-12-22,,,68.0085
2018-12-24,,7.75,
2018-12-25,,7.75,68.4073
2018-12-26,,7.75,68.7448
2018-12-27,,7.75,68.8865
2018-12-28,,7.75,68.8762
2018-12-29,,,69.5218
2018-12-30,,,69.4706
2018-12-31,,,
2019-01-09,,7.75,
2019-01-10,,7.75,67.0795
2019-01-11,,7.75,66.8605
2019-01-12,,,66.9167
2019-01-14,,7.75,
2019-01-15,,7.75,67.192
2019-01-16,,7.75,67.082
2019-01-17,,7.75,66.7617
2019-01-18,,7.75,66.4438
2019-01-19,,,66.3309
2019-01-21,,7.75,
2019-01-22,,7.75,66.3634
2019-01-23,,7.75,66.5499
2019-01-24,,7.75,66.3318
2019-01-25,,7.75,66.0016
2019-01-26,,,65.917
2019-01-28,,7.75,
2019-01-29,,7.75,65.93
2019-01-30,,7.75,66.3412
2019-01-31,,7.75,66.0987
2019-02-01,,7.75,65.3577
2019-02-02,,,65.6601
2019-02-04,,7.75,
2019-02-05,,7.75,65.5859
2019-02-06,,7.75,65.5691
2019-02-07,,7.75,65.6686
2019-02-08,,7.75,66.0199
2019-02-09,,,66.0628
2019-02-11,,7.75,
2019-02-12,,7.75,65.6517
2019-02-13,,7.75,65.7147
2019-02-14,,7.75,65.6783
2019-02-15,,7.75,66.5429
2019-02-16,,,66.7044
2019-02-18,,7.75,
2019-02-19,,7.75,66.247
2019-02-20,,7.75,66.2022
2019-02-21,,7.75,65.8568
2019-02-22,,7.75,65.5401
2019-02-23,,,65.5149
2019-02-25,,7.75,
2019-02-26,,7.75,65.2582
2019-02-27,,7.75,65.6182
2019-02-28,,7.75,65.757
2019-03-01,,7.75,65.8895
2019-03-02,,,65.8145
2019-03-04,,7.75,
2019-03-05,,7.75,65.7956
2019-03-06,,7.75,65.8004
2019-03-07,,7.75,65.843
2019-03-08,,,65.9646
2019-03-11,,7.75,
2019-03-12,,7.75,66.0763
2019-03-13,,7.75,65.7674
2019-03-14,,7.75,65.589
2019-03-15,,7.75,65.4021
2019-03-16,,,65.4201
2019-03-18,,7.75,
2019-03-19,,7.75,64.6694
2019-03-20,,7.75,64.3167
2019-03-21,,7.75,64.2803
2019-03-22,,7.75,63.742
2019-03-23,,,63.7705
2019-03-25,,7.75,
2019-03-26,,7.75,64.4993
2019-03-27,,7.75,64.1683
2019-03-28,,7.75,64.5925
2019-03-29,,7.75,64.8012
2019-03-30,,,64.7347
2019-03-31,,,
2019-04-01,,7.75,
2019-04-02,,7.75,65.4176
2019-04-03,,7.75,65.4726
2019-04-04,,7.75,65.1639
2019-04-05,,7.75,65.3281
2019-04-06,,,65.4072
2019-04-08,,7.75,
2019-04-09,,7.75,65.3498
2019-04-10,,7.75,64.7766
2019-04-11,,7.75,64.7373
2019-04-12,,7.75,64.3991
2019-04-13,,,64.5171
2019-04-15,,7.75,
2019-04-16,,7.75,64.2469
2019-04-17,,7.75,64.2422
2019-04-18,,7.75,63.945
2019-04-19,,7.75,64.0688
2019-04-20,,,63.9602
2019-04-22,,7.75,
2019-04-23,,7.75,63.786
2019-04-24,,7.75,63.7906
2019-04-25,,7.75,63.9798
2019-04-26,,7.75,64.6794
2019-04-27,,,64.7053
2019-04-29,,7.75,
2019-04-30,,7.75,64.6917
2019-05-01,,,64.6314
2019-05-06,,7.75,
2019-05-07,,7.75,65.335
2019-05-08,,7.75,65.2166
2019-05-09,,,65.2287
2019-05-13,,7.75,
2019-05-14,,7.75,65.4703
2019-05-15,,7.75,65.3001
2019-05-16,,7.75,64.8489
2019-05-17,,7.75,64.5598
2019-05-18,,,64.6327
2019-05-20,,7.75,
2019-05-21,,7.75,64.4888
2019-05-22,,7.75,64.5372
2019-05-23,,7.75,64.4156
2019-05-24,,7.75,64.4913
2019-05-25,,,64.6106
2019-05-27,,7.75,
2019-05-28,,7.75,64.4636
2019-05-29,,7.75,64.5394
2019-05-30,,7.75,64.9084
2019-05-31,,7.75,65.0583
2019-06-01,,,65.3834
2019-06-03,,7.75,
2019-06-04,,7.75,65.5547
2019-06-05,,7.75,65.1614
2019-06-06,,7.75,65.1243
2019-06-07,,7.75,65.234
2019-06-08,,,65.0395
2019-06-10,,7.75,
2019-06-11,,7.75,64.7919
2019-06-12,,7.75,64.5158
2019-06-13,,7.75,
2019-06-14,,7.75,64.6314
2019-06-15,,,64.4326
2019-06-17,,7.5,
2019-06-18,,7.5,64.3187
2019-06-19,,7.5,64.3352
2019-06-20,,7.5,63.9794
2019-06-21,,7.5,63.3877
2019-06-22,,,63.1295
2019-06-24,,7.5,
2019-06-25,,7.5,62.9095
2019-06-26,,7.5,62.5229
2019-06-27,,7.5,62.8083
2019-06-28,,7.5,63.0452
2019-06-29,,,63.0756
2019-06-30,,,
2019-07-01,,7.5,
2019-07-02,,7.5,63.0541
2019-07-03,,7.5,63.2265
2019-07-04,,7.5,63.4951
2019-07-05,,7.5,63.4013
2019-07-06,,,63.5841
2019-07-08,,7.5,
2019-07-09,,7.5,63.8699
2019-07-10,,7.5,63.766
2019-07-11,,7.5,63.7988
2019-07-12,,7.5,62.9944
2019-07-13,,,63.0204
2019-07-15,,7.5,
2019-07-16,,7.5,62.828
2019-07-17,,7.5,62.8129
2019-07-18,,7.5,62.9451
2019-07-19,,7.5,62.8286
2019-07-20,,,62.8666
2019-07-22,,7.5,
2019-07-23,,7.5,62.9776
2019-07-24,,7.5,63.129
2019-07-25,,7.5,63.1162
2019-07-26,,7.5,63.1572
2019-07-27,,,63.1271
2019-07-29,,7.25,
2019-07-30,,7.25,63.521
2019-07-31,,7.25,63.3791
2019-08-01,,7.25,63.4172
2019-08-02,,7.25,63.834
2019-08-03,,,64.6423
2019-08-05,,7.25,
2019-08-06,,7.25,65.0546
2019-08-07,,7.25,65.203
2019-08-08,,7.25,65.0932
2019-08-09,,7.25,65.1299
2019-08-10,,,65.2543
2019-08-12,,7.25,
2019-08-13,,7.25,65.4287
2019-08-14,,7.25,65.6017
2019-08-15,,7.25,65.2032
2019-08-16,,7.25,65.8907
2019-08-17,,,65.9961
2019-08-19,,7.25,
2019-08-20,,7.25,66.6082
2019-08-21,,7.25,66.784
2019-08-22,,7.25,66.263
2019-08-23,,7.25,65.6196
2019-08-24,,,65.6046
2019-08-26,,7.25,
2019-08-27,,7.25,65.9735
2019-08-28,,7.25,66.2608
2019-08-29,,7.25,66.4127
2019-08-30,,7.25,66.7471
2019-08-31,,,66.4897
2019-09-02,,7.25,
2019-09-03,,7.25,66.6235
2019-09-04,,7.25,66.9072
2019-09-05,,7.25,66.5002
2019-09-06,,7.25,66.0528
2019-09-07,,,65.9981
2019-09-09,,7.0,
2019-09-10,,7.0,65.5698
2019-09-11,,7.0,65.4393
2019-09-12,,7.0,65.4321
2019-09-13,,7.0,65.1909
2019-09-14,,,64.4711
2019-09-16,,7.0,
2019-09-17,,7.0,63.8272
2019-09-18,,7.0,64.1213
2019-09-19,,7.0,64.429
2019-09-20,,7.0,64.2199
2019-09-21,,,63.8487
2019-09-23,,7.0,
2019-09-24,,7.0,63.9453
2019-09-25,,7.0,63.706
2019-09-26,,7.0,64.1873
2019-09-27,,7.0,64.2888
2019-09-28,,,64.4156
2019-09-30,,7.0,
2019-10-01,,7.0,64.6407
2019-10-02,,7.0,65.067
2019-10-03,,7.0,65.4399
2019-10-04,,7.0,65.1312
2019-10-05,,,65.03
2019-10-07,,7.0,
2019-10-08,,7.0,64.8259
2019-10-09,,7.0,64.8672
2019-10-10,,7.0,65.0976
2019-10-11,,7.0,64.7416
2019-10-12,,,64.2237
2019-10-14,,7.0,
2019-10-15,,7.0,64.3652
2019-10-16,,7.0,64.2548
2019-10-17,,7.0,64.3455
2019-10-18,,7.0,64.0144
2019-10-19,,,63.9542
2019-10-21,,7.0,
2019-10-22,,7.0,63.7606
2019-10-23,,7.0,63.6336
2019-10-24,,7.0,63.7997
2019-10-25,,7.0,63.86
2019-10-26,,,63.9966
2019-10-28,,6.5,
2019-10-29,,6.5,63.87
2019-10-30,,6.5,63.832
2019-10-31,,6.5,63.8734
2019-11-01,,6.5,63.7748
2019-11-02,,,64.0316
2019-11-05,,6.5,
2019-11-06,,6.5,63.248
2019-11-07,,6.5,63.588
2019-11-08,,6.5,63.7298
2019-11-09,,,63.7295
2019-11-11,,6.5,
2019-11-12,,6.5,63.9121
2019-11-13,,6.5,63.853
2019-11-14,,6.5,64.2009
2019-11-15,,6.5,64.2101
2019-11-16,,,63.8881
2019-11-18,,6.5,
2019-11-19,,6.5,63.7542
2019-11-20,,6.5,63.773
2019-11-21,,6.5,64.0213
2019-11-22,,6.5,63.843
2019-11-23,,,63.7101
2019-11-25,,6.5,
2019-11-26,,6.5,63.7637
2019-11-27,,6.5,64.0239
2019-11-28,,6.5,63.9722
2019-11-29,,6.5,64.1005
2019-11-30,,,64.0817
2019-12-02,,6.5,
2019-12-03,,6.5,64.4097
2019-12-04,,6.5,64.1401
2019-12-05,,6.5,64.1948
2019-12-06,,6.5,63.8135
2019-12-07,,,63.7185
2019-12-09,,6.5,
2019-12-10,,6.5,63.7244
2019-12-11,,6.5,63.5788
2019-12-12,,6.5,63.5653
2019-12-13,,6.5,63.2257
2019-12-14,,,62.5544
2019-12-16,,6.25,
2019-12-17,,6.25,62.7686
2019-12-18,,6.25,62.5326
2019-12-19,,6.25,62.5831
2019-12-20,,6.25,62.5283
2019-12-21,,,62.4071
2019-12-23,,6.25,
2019-12-24,,6.25,62.2499
2019-12-25,,6.25,62.1673
2019-12-26,,6.25,61.7164
2019-12-27,,6.25,61.7676
2019-12-28,,,62.0315
2019-12-30,,6.25,
2019-12-31,,6.25,61.9057
2020-01-01,,,61.9057
2020-01-03,,6.25,
2020-01-06,,6.25,
2020-01-08,,6.25,
2020-01-09,,6.25,
2020-01-10,,6.25,61.234
2020-01-11,,,61.2632
2020-01-13,,6.25,
2020-01-14,,6.25,60.9474
2020-01-15,,6.25,61.414
2020-01-16,,6.25,61.4328
2020-01-17,,6.25,61.5694
2020-01-18,,,61.5333
2020-01-20,,6.25,
2020-01-21,,6.25,61.4654
2020-01-22,,6.25,61.8552
2020-01-23,,6.25,61.8343
2020-01-24,,6.25,61.9515
2020-01-25,,,61.8031
2020-01-27,,6.25,
2020-01-28,,6.25,62.338
2020-01-29,,6.25,62.8299
2020-01-30,,6.25,62.3934
2020-01-31,,6.25,63.0359
2020-02-01,,,63.1385
2020-02-03,,6.25,
2020-02-04,,6.25,63.9091
2020-02-05,,6.25,63.4342
2020-02-06,,6.25,63.1742
2020-02-07,,6.25,62.7977
2020-02-08,,,63.472
2020-02-10,,6.0,
2020-02-11,,6.0,63.7708
2020-02-12,,6.0,63.949
2020-02-13,,6.0,63.047
2020-02-14,,6.0,63.6016
2020-02-15,,,63.4536
2020-02-17,,6.0,
2020-02-18,,6.0,63.3085
2020-02-19,,6.0,63.7698
2020-02-20,,6.0,63.6873
2020-02-21,,6.0,63.7413
2020-02-22,,,64.3008
2020-02-25,,6.0,
2020-02-26,,6.0,64.9213
2020-02-27,,6.0,65.5177
2020-02-28,,6.0,65.6097
2020-02-29,,,66.9909
2020-03-02,,6.0,
2020-03-03,,6.0,66.3274
2020-03-04,,6.0,66.4437
2020-03-05,,6.0,66.0784
2020-03-06,,6.0,66.1854
2020-03-07,,,67.5175
2020-03-10,,6.0,
2020-03-11,,6.0,72.0208
2020-03-12,,6.0,71.472
2020-03-13,,6.0,74.0274
2020-03-14,,,73.1882
2020-03-16,,6.0,
2020-03-17,,6.0,74.1262
2020-03-18,,6.0,73.8896
2020-03-19,,6.0,77.2131
2020-03-20,,6.0,80.157
2020-03-21,,,78.0443
2020-03-23,,6.0,
2020-03-24,,6.0,80.8815
2020-03-25,,6.0,78.8493
2020-03-26,,6.0,77.7928
2020-03-27,,6.0,78.7223
2020-03-28,,,77.7325
2020-03-30,,6.0,
2020-03-31,,6.0,
2020-04-01,,6.0,
2020-04-02,,6.0,
2020-04-03,,6.0,
2020-04-06,,6.0,
2020-04-07,,6.0,76.4074
2020-04-08,,6.0,75.455
2020-04-09,,6.0,75.7499
2020-04-10,,6.0,74.605
2020-04-11,,,73.7515
2020-04-13,,6.0,
2020-04-14,,6.0,73.5245
2020-04-15,,6.0,73.315
2020-04-16,,6.0,73.7145
2020-04-17,,6.0,74.7119
2020-04-18,,,73.9441
2020-04-20,,6.0,
2020-04-21,,6.0,74.6657
2020-04-22,,6.0,76.2562
2020-04-23,,6.0,77.0416
2020-04-24,,6.0,75.129
2020-04-25,,,74.7163
2020-04-27,,5.5,
2020-04-28,,5.5,74.496
2020-04-29,,5.5,74.5706
2020-04-30,,5.5,73.6894
2020-05-01,,,72.7263
2020-05-04,,5.5,
2020-05-05,,5.5,
2020-05-06,,5.5,
2020-05-07,,5.5,73.9719
2020-05-08,,5.5,74.1169
2020-05-09,,,73.8725
2020-05-12,,5.5,
2020-05-13,,5.5,73.4326
2020-05-14,,5.5,73.5819
2020-05-15,,5.5,73.9298
2020-05-16,,,73.2056
2020-05-18,,5.5,
2020-05-19,,5.5,72.9798
2020-05-20,,5.5,72.3918
2020-05-21,,5.5,72.3381
2020-05-22,,5.5,70.924
2020-05-23,,,71.8804
2020-05-25,,5.5,
2020-05-26,,5.5,71.5962
2020-05-27,,5.5,71.1408
2020-05-28,,5.5,71.0635
2020-05-29,,5.5,71.1012
2020-05-30,,,70.752
2020-05-31,,,
2020-06-01,,5.5,
2020-06-02,,5.5,69.7114
2020-06-03,,5.5,68.9831
2020-06-04,,5.5,68.3413
2020-06-05,,5.5,69.0151
2020-06-06,,,68.6319
2020-06-08,,5.5,
2020-06-09,,5.5,68.3123
2020-06-10,,5.5,68.6745
2020-06-11,,5.5,68.6183
2020-06-12,,,69.1219
2020-06-15,,5.5,
2020-06-16,,5.5,70.395
2020-06-17,,5.5,69.7524
2020-06-18,,5.5,69.4822
2020-06-19,,5.5,69.618
2020-06-20,,,69.5725
2020-06-22,,4.5,
2020-06-23,,4.5,69.4835
2020-06-24,,,68.8376
2020-06-25,,4.5,68.8376
2020-06-26,,4.5,69.466
2020-06-27,,,69.1284
2020-06-29,,4.5,
2020-06-30,,4.5,69.9513
2020-07-01,,,70.4413
2020-07-02,,4.5,70.4413
2020-07-03,,4.5,70.5198
2020-07-04,,,70.4999
2020-07-06,,4.5,
2020-07-07,,4.5,71.3409
2020-07-08,,4.5,72.1719
2020-07-09,,4.5,71.2379
2020-07-10,,4.5,70.88
2020-07-11,,,71.2298
2020-07-13,,4.5,
2020-07-14,,4.5,70.7479
2020-07-15,,4.5,71.1275
2020-07-16,,4.5,70.7998
2020-07-17,,4.5,71.231
2020-07-18,,,71.7139
2020-07-20,,4.5,
2020-07-21,,4.5,71.9628
2020-07-22,,4.5,70.9668
2020-07-23,,4.5,70.7881
2020-07-24,,4.5,70.963
2020-07-25,,,71.5974
2020-07-27,,4.25,
2020-07-28,,4.25,71.585
2020-07-29,,4.25,71.9196
2020-07-30,,4.25,72.2348
2020-07-31,,4.25,73.3633
2020-08-01,,,73.4261
2020-08-03,,4.25,
2020-08-04,,4.25,74.1586
2020-08-05,,4.25,73.3806
2020-08-06,,4.25,73.2806
2020-08-07,,4.25,73.0397
2020-08-08,,,73.6376
2020-08-10,,4.25,
2020-08-11,,4.25,73.775
2020-08-12,,4.25,73.1522
2020-08-13,,4.25,73.2351
2020-08-14,,4.25,73.6067
2020-08-15,,,73.2157
2020-08-17,,4.25,
2020-08-18,,4.25,72.9676
2020-08-19,,4.25,73.4321
2020-08-20,,4.25,73.2392
2020-08-21,,4.25,73.7711
2020-08-22,,,74.0999
2020-08-24,,4.25,
2020-08-25,,4.25,74.4184
2020-08-26,,4.25,74.5126
2020-08-27,,4.25,75.5379
2020-08-28,,4.25,75.2354
2020-08-29,,,74.6382
2020-08-31,,4.25,
2020-09-01,,4.25,73.8039
2020-09-02,,4.25,73.5849
2020-09-03,,4.25,73.8588
2020-09-04,,4.25,75.468
2020-09-05,,,75.1823
2020-09-07,,4.25,
2020-09-08,,4.25,75.591
2020-09-09,,4.25,75.9645
2020-09-10,,4.25,76.0713
2020-09-11,,4.25,75.5274
2020-09-12,,,74.8896
2020-09-14,,4.25,
2020-09-15,,4.25,74.7148
2020-09-16,,4.25,75.1884
2020-09-17,,4.25,74.9278
2020-09-18,,4.25,75.1941
2020-09-19,,,75.0319
2020-09-21,,4.25,
2020-09-22,,4.25,76.0381
2020-09-23,,4.25,76.2711
2020-09-24,,4.25,76.3545
2020-09-25,,4.25,77.178
2020-09-26,,,76.8195
2020-09-28,,4.25,
2020-09-29,,4.25,78.6713
2020-09-30,,4.25,79.6845
2020-10-01,,4.25,78.7847
2020-10-02,,4.25,77.2774
2020-10-03,,,78.0915
2020-10-05,,4.25,
2020-10-06,,4.25,78.1281
2020-10-07,,4.25,78.5119
2020-10-08,,4.25,78.0921
2020-10-09,,4.25,77.9157
2020-10-10,,,77.0284
2020-10-12,,4.25,
2020-10-13,,4.25,77.0239
2020-10-14,,4.25,77.2855
2020-10-15,,4.25,77.2759
2020-10-16,,4.25,77.9461
2020-10-17,,,77.9644
2020-10-19,,4.25,
2020-10-20,,4.25,77.9241
2020-10-21,,4.25,77.778
2020-10-22,,4.25,77.0322
2020-10-23,,4.25,77.0809
2020-10-24,,,76.4667
2020-10-26,,4.25,
2020-10-27,,4.25,76.4443
2020-10-28,,4.25,76.4556
2020-10-29,,4.25,77.552
2020-10-30,,4.25,78.8699
2020-10-31,,,79.3323
2020-11-02,,4.25,
2020-11-03,,4.25,80.5749
2020-11-04,,,80.0006
2020-11-05,,4.25,
2020-11-06,,4.25,78.4559
2020-11-07,,,77.1875
2020-11-09,,4.25,
2020-11-10,,4.25,76.9515
2020-11-11,,4.25,76.3978
2020-11-12,,4.25,76.2075
2020-11-13,,4.25,77.1148
2020-11-14,,,77.3262
2020-11-16,,4.25,
2020-11-17,,4.25,76.9197
2020-11-18,,4.25,76.253
2020-11-19,,4.25,75.9268
2020-11-20,,4.25,76.2627
2020-11-21,,,76.012
2020-11-23,,4.25,
2020-11-24,,4.25,75.76
2020-11-25,,4.25,75.8146
2020-11-26,,4.25,75.4727
2020-11-27,,4.25,75.4518
2020-11-28,,,75.8599
2020-11-30,,4.25,
2020-12-01,,4.25,76.1999
2020-12-02,,4.25,76.3203
2020-12-03,,4.25,75.6151
2020-12-04,,4.25,75.1996
2020-12-05,,,74.2529
2020-12-07,,4.25,
2020-12-08,,4.25,74.2506
2020-12-09,,4.25,73.6618
2020-12-10,,4.25,73.3057
2020-12-11,,4.25,73.7124
2020-12-12,,,73.1195
2020-12-14,,4.25,
2020-12-15,,4.25,72.9272
2020-12-16,,4.25,73.4453
2020-12-17,,4.25,73.4201
2020-12-18,,4.25,72.9781
2020-12-19,,,73.3155
2020-12-21,,4.25,
2020-12-22,,4.25,74.6721
2020-12-23,,4.25,75.3498
2020-12-24,,4.25,75.4571
2020-12-25,,4.25,74.8392
2020-12-26,,,73.6921
2020-12-28,,4.25,
2020-12-29,,4.25,73.7175
2020-12-30,,4.25,73.6567
2020-12-31,,4.25,73.8757
2021-01-01,,,73.8757
2021-01-04,,4.25,
2021-01-05,,4.25,
2021-01-06,,4.25,
2021-01-08,,4.25,
2021-01-11,,4.25,
2021-01-12,,4.25,74.5157
2021-01-13,,4.25,74.2663
2021-01-14,,4.25,73.5264
2021-01-15,,4.25,73.7961
2021-01-16,,,73.5453
2021-01-18,,4.25,
2021-01-19,,4.25,73.9735
2021-01-20,,4.25,73.7243
2021-01-21,,4.25,73.355
2021-01-22,,4.25,73.3694
2021-01-23,,,74.3615
2021-01-25,,4.25,
2021-01-26,,4.25,74.8569
2021-01-27,,4.25,75.6354
2021-01-28,,4.25,75.04
2021-01-29,,4.25,76.1854
2021-01-30,,,76.2527
2021-01-31,100.5,,
2021-02-01,,4.25,
2021-02-02,,4.25,75.5053
2021-02-03,,4.25,75.9051
2021-02-04,,4.25,76.0801
2021-02-05,,4.25,75.7293
2021-02-06,,,75.1107
2021-02-08,,4.25,
2021-02-09,,4.25,74.2602
2021-02-10,,4.25,74.1192
2021-02-11,,4.25,73.8526
2021-02-12,,4.25,73.7579
2021-02-13,,,73.9378
2021-02-15,,4.25,
2021-02-16,,4.25,73.3092
2021-02-17,,4.25,73.2895
2021-02-18,,4.25,73.7669
2021-02-19,,4.25,73.7755
2021-02-20,,4.25,73.9717
2021-02-21,,,73.9833
2021-02-22,,4.25,
2021-02-24,,4.25,
2021-02-25,,4.25,73.7532
2021-02-26,,4.25,73.4747
2021-02-27,,,74.4373
2021-02-28,100.58,,
2021-03-01,,4.25,
2021-03-02,,4.25,74.0448
2021-03-03,,4.25,74.5755
2021-03-04,,4.25,73.5187
2021-03-05,,4.25,73.7864
2021-03-06,,,74.4275
2021-03-09,,4.25,
2021-03-10,,4.25,74.264
2021-03-11,,4.25,74.0393
2021-03-12,,4.25,73.4996
2021-03-13,,,73.5081
2021-03-15,,4.25,
2021-03-16,,4.25,73.2317
2021-03-17,,4.25,72.9619
2021-03-18,,4.25,73.1019
2021-03-19,,4.25,73.6582
2021-03-20,,,74.139
2021-03-22,,4.5,
2021-03-23,,4.5,74.6085
2021-03-24,,4.5,75.3585
2021-03-25,,4.5,76.1535
2021-03-26,,4.5,76.1741
2021-03-27,,,75.7576
2021-03-29,,4.5,
2021-03-30,,4.5,75.8287
2021-03-31,100.83,4.5,75.7023
2021-04-01,,4.5,75.6373
2021-04-02,,4.5,75.8073
2021-04-03,,,76.0734
2021-04-05,,4.5,
2021-04-06,,4.5,76.6052
2021-04-07,,4.5,76.3802
2021-04-08,,4.5,77.773
2021-04-09,,4.5,77.1011
2021-04-10,,,77.1657
2021-04-12,,4.5,
2021-04-13,,4.5,77.5104
2021-04-14,,4.5,77.2535
2021-04-15,,4.5,75.6826
2021-04-16,,4.5,76.9808
2021-04-17,,,75.5535
2021-04-19,,4.5,
2021-04-20,,4.5,76.2491
2021-04-21,,4.5,76.0155
2021-04-22,,4.5,76.8198
2021-04-23,,4.5,76.4217
2021-04-24,,,75.0893
2021-04-26,,5.0,
2021-04-27,,5.0,74.768
2021-04-28,,5.0,74.9578
2021-04-29,,5.0,74.939
2021-04-30,100.58,5.0,74.3823
2021-05-01,,,74.8451
2021-05-04,,5.0,
2021-05-05,,5.0,75.2567
2021-05-06,,5.0,74.8617
2021-05-07,,5.0,74.577
2021-05-08,,,74.1373
2021-05-11,,5.0,
2021-05-12,,5.0,74.1567
2021-05-13,,5.0,74.04
2021-05-14,,5.0,74.3566
2021-05-15,,,73.9968
2021-05-17,,5.0,
2021-05-18,,5.0,73.8537
2021-05-19,,5.0,73.6992
2021-05-20,,5.0,73.6778
2021-05-21,,5.0,73.6007
2021-05-22,,,73.5803
2021-05-24,,5.0,
2021-05-25,,5.0,73.5266
2021-05-26,,5.0,73.3963
2021-05-27,,5.0,73.4737
2021-05-28,,5.0,73.458
2021-05-29,,,73.587
2021-05-31,100.82,5.0,
2021-06-01,,5.0,73.2965
2021-06-02,,5.0,73.2411
2021-06-03,,5.0,73.4979
2021-06-04,,5.0,73.2636
2021-06-05,,,73.2721
2021-06-07,,5.0,
2021-06-08,,5.0,72.9294
2021-06-09,,5.0,72.8256
2021-06-10,,5.0,72.0829
2021-06-11,,5.0,72.1974
2021-06-12,,,71.6797
2021-06-14,,5.0,
2021-06-15,,5.5,
2021-06-16,,5.5,71.8318
2021-06-17,,5.5,72.0323
2021-06-18,,5.5,72.5048
2021-06-19,,,72.2216
2021-06-21,,5.5,
2021-06-22,,5.5,73.1987
2021-06-23,,5.5,73.1661
2021-06-24,,5.5,72.6671
2021-06-25,,5.5,72.326
2021-06-26,,,72.1694
2021-06-28,,5.5,
2021-06-29,,5.5,72.1777
2021-06-30,100.75,5.5,72.3723
2021-07-01,,5.5,72.7234
2021-07-02,,5.5,72.9086
2021-07-03,,,73.6175
2021-07-05,,5.5,
2021-07-06,,5.5,73.354
2021-07-07,,5.5,73.266
2021-07-08,,5.5,74.058
2021-07-09,,5.5,75.1952
2021-07-10,,,74.4675
2021-07-12,,5.5,
2021-07-13,,5.5,74.6336
2021-07-14,,5.5,74.0589
2021-07-15,,5.5,74.1236
2021-07-16,,5.5,74.2197
2021-07-17,,,74.1656
2021-07-19,,5.5,
2021-07-20,,5.5,74.3463
2021-07-21,,5.5,74.491
2021-07-22,,5.5,74.4947
2021-07-23,,5.5,73.6945
2021-07-24,,,73.7663
2021-07-26,,6.5,
2021-07-27,,6.5,74.098
2021-07-28,,6.5,73.8471
2021-07-29,,6.5,73.6088
2021-07-30,,6.5,73.1904
2021-07-31,100.47,,73.1388
2021-08-02,,6.5,
2021-08-03,,6.5,73.0156
2021-08-04,,6.5,72.8724
2021-08-05,,6.5,72.7857
2021-08-06,,6.5,73.168
2021-08-07,,,73.1304
2021-08-09,,6.5,
2021-08-10,,6.5,73.5078
2021-08-11,,6.5,73.5962
2021-08-12,,6.5,73.9695
2021-08-13,,6.5,73.5671
2021-08-14,,,73.4721
2021-08-16,,6.5,
2021-08-17,,6.5,73.392
2021-08-18,,6.5,73.4753
2021-08-19,,6.5,73.4633
2021-08-20,,6.5,74.1503
2021-08-21,,,74.364
2021-08-23,,6.5,
2021-08-24,,6.5,74.0666
2021-08-25,,6.5,73.9465
2021-08-26,,6.5,73.7428
2021-08-27,,6.5,73.9908
2021-08-28,,,73.9866
2021-08-30,,6.5,
2021-08-31,100.59,6.5,73.5744
2021-09-01,,6.5,73.2781
2021-09-02,,6.5,73.1912
2021-09-03,,6.5,72.8491
2021-09-04,,,72.8545
2021-09-06,,6.5,
2021-09-07,,6.5,72.9538
2021-09-08,,6.5,73.1909
2021-09-09,,6.5,73.4421
2021-09-10,,6.5,73.129
2021-09-11,,,72.76
2021-09-13,,6.75,
2021-09-14,,6.75,73.0841
2021-09-15,,6.75,72.7171
2021-09-16,,6.75,72.852
2021-09-17,,6.75,72.4329
2021-09-18,,,72.5602
2021-09-20,,6.75,
2021-09-21,,6.75,73.3315
2021-09-22,,6.75,73.2067
2021-09-23,,6.75,72.8806
2021-09-24,,6.75,72.7245
2021-09-25,,,73.0081
2021-09-27,,6.75,
2021-09-28,,6.75,72.6613
2021-09-29,,6.75,72.5083
2021-09-30,100.81,6.75,72.7608
2021-10-01,,6.75,72.6642
2021-10-02,,,72.9215
2021-10-04,,6.75,
2021-10-05,,6.75,72.9239
2021-10-06,,6.75,72.5686
2021-10-07,,6.75,72.5682
2021-10-08,,6.75,72.2854
2021-10-09,,,71.9882
2021-10-11,,6.75,
2021-10-12,,6.75,71.6373
2021-10-13,,6.75,71.8801
2021-10-14,,6.75,71.8577
2021-10-15,,6.75,71.7846
2021-10-16,,,71.2371
2021-10-18,,6.75,
2021-10-19,,6.75,71.1714
2021-10-20,,6.75,70.9674
2021-10-21,,6.75,71.0555
2021-10-22,,6.75,70.9904
2021-10-23,,,70.8623
2021-10-25,,7.5,
2021-10-26,,7.5,70.1345
2021-10-27,,7.5,69.5526
2021-10-28,,7.5,69.8104
2021-10-29,,7.5,70.5207
2021-10-30,,,70.52
2021-10-31,100.85,,
2021-11-01,,7.5,
2021-11-02,,7.5,71.0863
2021-11-03,,7.5,71.4783
2021-11-04,,,71.4876
2021-11-05,,7.5,
2021-11-08,,7.5,
2021-11-09,,7.5,71.3975
2021-11-10,,7.5,71.2866
2021-11-11,,7.5,70.695
2021-11-12,,7.5,71.1964
2021-11-13,,,71.8118
2021-11-15,,7.5,
2021-11-16,,7.5,72.2724
2021-11-17,,7.5,72.5553
2021-11-18,,7.5,72.8228
2021-11-19,,7.5,72.6022
2021-11-20,,,72.7617
2021-11-22,,7.5,
2021-11-23,,7.5,73.4506
2021-11-24,,7.5,74.8327
2021-11-25,,7.5,74.3726
2021-11-26,,7.5,74.6004
2021-11-27,,,75.5873
2021-11-29,,7.5,
2021-11-30,101.14,7.5,74.9818
2021-12-01,,7.5,74.8926
2021-12-02,,7.5,73.9746
2021-12-03,,7.5,74.0637
2021-12-04,,,73.7426
2021-12-06,,7.5,
2021-12-07,,7.5,73.6694
2021-12-08,,7.5,74.1399
2021-12-09,,7.5,73.8453
2021-12-10,,7.5,73.5998
2021-12-11,,,73.6059
2021-12-13,,7.5,
2021-12-14,,7.5,73.4107
2021-12-15,,7.5,73.4698
2021-12-16,,7.5,73.851
2021-12-17,,7.5,73.5708
2021-12-18,,,73.733
2021-12-20,,8.5,
2021-12-21,,8.5,74.2947
2021-12-22,,8.5,73.8206
2021-12-23,,8.5,73.7901
2021-12-24,,8.5,73.3583
2021-12-25,,,73.1886
2021-12-27,,8.5,
2021-12-28,,8.5,73.2329
2021-12-29,,8.5,73.4959
2021-12-30,,8.5,73.6514
2021-12-31,100.63,,74.2926
2022-01-03,,8.5,
2022-01-04,,8.5,
2022-01-05,,8.5,
2022-01-06,,8.5,
2022-01-10,,8.5,
2022-01-11,,8.5,75.1315
2022-01-12,,8.5,74.8355
2022-01-13,,8.5,74.5277
2022-01-14,,8.5,74.5686
2022-01-15,,,75.7668
2022-01-17,,8.5,
2022-01-18,,8.5,76.0404
2022-01-19,,8.5,76.3347
2022-01-20,,8.5,76.8697
2022-01-21,,8.5,76.4408
2022-01-22,,,76.6903
2022-01-24,,8.5,
2022-01-25,,8.5,77.3649
2022-01-26,,8.5,78.6422
2022-01-27,,8.5,78.9437
2022-01-28,,8.5,78.947
2022-01-29,,,77.8174
2022-01-31,100.82,8.5,
2022-02-01,,8.5,77.4702
2022-02-02,,8.5,77.1302
2022-02-03,,8.5,76.4849
2022-02-04,,8.5,76.6501
2022-02-05,,,76.0509
2022-02-07,,8.5,
2022-02-08,,8.5,75.6806
2022-02-09,,8.5,75.3042
2022-02-10,,8.5,74.8015
2022-02-11,,8.5,74.7241
2022-02-12,,,74.9867
2022-02-14,,9.5,
2022-02-15,,9.5,76.5762
2022-02-16,,9.5,76.166
2022-02-17,,9.5,75.0141
2022-02-18,,9.5,75.7527
2022-02-19,,,75.7619
2022-02-21,,9.5,
2022-02-22,,9.5,76.7671
2022-02-23,,9.5,80.4194
2022-02-24,,9.5,
2022-02-25,,9.5,86.9288
2022-02-26,,,83.5485
2022-02-28,101.04,20.0,
2022-03-01,,20.0,93.5589
2022-03-02,,20.0,91.7457
2022-03-03,,20.0,103.2487
2022-03-04,,20.0,111.7564
2022-03-05,,20.0,105.8124
2022-03-06,,,105.8124
2022-03-09,,20.0,
2022-03-10,,20.0,116.0847
2022-03-11,,20.0,120.3785
2022-03-12,,,116.7517
2022-03-14,,20.0,
2022-03-15,,20.0,115.1963
2022-03-16,,20.0,111.4823
2022-03-17,,20.0,108.0521
2022-03-18,,20.0,104.8012
2022-03-19,,,103.9524
2022-03-21,,20.0,
2022-03-22,,20.0,104.6819
2022-03-23,,20.0,104.0741
2022-03-24,,20.0,103.1618
2022-03-25,,20.0,96.0458
2022-03-26,,,95.6618
2022-03-28,,20.0,
2022-03-29,,20.0,93.7125
2022-03-30,,20.0,86.2843
2022-03-31,109.05,20.0,84.0851
2022-04-01,,20.0,83.4097
2022-04-02,,,83.4285
2022-04-04,,20.0,
2022-04-05,,20.0,83.5932
2022-04-06,,20.0,83.352
2022-04-07,,20.0,82.5962
2022-04-08,,20.0,76.2547
2022-04-09,,,74.8501
2022-04-11,,17.0,
2022-04-12,,17.0,79.1596
2022-04-13,,17.0,79.6274
2022-04-14,,17.0,79.8471
2022-04-15,,17.0,81.288
2022-04-16,,,80.0437
2022-04-18,,17.0,
2022-04-19,,17.0,79.4529
2022-04-20,,17.0,79.0287
2022-04-21,,17.0,77.0809
2022-04-22,,17.0,74.999
2022-04-23,,,73.505
2022-04-25,,17.0,
2022-04-26,,17.0,73.3611
2022-04-27,,17.0,72.7089
2022-04-28,,17.0,72.8764
2022-04-29,,17.0,72.2953
2022-04-30,102.01,,71.0237
2022-05-04,,14.0,
2022-05-05,,14.0,69.416
2022-05-06,,14.0,66.2378
2022-05-07,,,67.3843
2022-05-11,,14.0,
2022-05-12,,14.0,68.8389
2022-05-13,,14.0,65.7916
2022-05-14,,,63.7799
2022-05-16,,14.0,
2022-05-17,,14.0,63.4445
2022-05-18,,14.0,63.5428
2022-05-19,,14.0,63.5643
2022-05-20,,14.0,62.4031
2022-05-21,,,58.8862
2022-05-23,,14.0,
2022-05-24,,14.0,58.2087
2022-05-25,,14.0,56.969
2022-05-26,,14.0,56.2996
2022-05-27,,11.0,62.0495
2022-05-28,,,66.4029
2022-05-30,,11.0,
2022-05-31,100.4,11.0,63.0975
2022-06-01,,11.0,61.6069
2022-06-02,,11.0,61.4733
2022-06-03,,11.0,61.575
2022-06-04,,,61.9659
2022-06-06,,11.0,
2022-06-07,,11.0,61.1094
2022-06-08,,11.0,60.9565
2022-06-09,,11.0,60.2282
2022-06-10,,11.0,58.3895
2022-06-11,,,57.778
2022-06-14,,9.5,
2022-06-15,,9.5,57.0926
2022-06-16,,9.5,56.6624
2022-06-17,,9.5,56.8691
2022-06-18,,,56.7101
2022-06-20,,9.5,
2022-06-21,,9.5,56.1727
2022-06-22,,9.5,54.7081
2022-06-23,,9.5,53.2788
2022-06-24,,9.5,53.3578
2022-06-25,,,53.3234
2022-06-27,,9.5,
2022-06-28,,9.5,53.3641
2022-06-29,,9.5,52.9699
2022-06-30,100.18,9.5,51.158
2022-07-01,,9.5,52.5123
2022-07-02,,,53.7676
2022-07-04,,9.5,
2022-07-05,,9.5,55.0858
2022-07-06,,9.5,58.5118
2022-07-07,,9.5,62.911
2022-07-08,,9.5,63.1427
2022-07-09,,,61.2664
2022-07-11,,9.5,
2022-07-12,,9.5,61.3045
2022-07-13,,9.5,58.8541
2022-07-14,,9.5,58.5322
2022-07-15,,9.5,58.2568
2022-07-16,,,57.8323
2022-07-18,,9.5,
2022-07-19,,9.5,56.5616
2022-07-20,,9.5,55.437
2022-07-21,,9.5,54.8491
2022-07-22,,9.5,56.4783
2022-07-23,,,57.3917
2022-07-25,,8.0,
2022-07-26,,8.0,57.7821
2022-07-27,,8.0,58.6605
2022-07-28,,8.0,60.2198
2022-07-29,,8.0,60.2031
2022-07-30,,,61.3101
2022-07-31,99.82,,
2022-08-01,,8.0,
2022-08-02,,8.0,62.0506
2022-08-03,,8.0,60.1595
2022-08-04,,8.0,60.2374
2022-08-05,,8.0,60.258
2022-08-06,,,60.3696
2022-08-08,,8.0,
2022-08-09,,8.0,60.3164
2022-08-10,,8.0,60.3814
2022-08-11,,8.0,60.4542
2022-08-12,,8.0,60.6229
2022-08-13,,,60.8993
2022-08-15,,8.0,
2022-08-16,,8.0,61.3747
2022-08-17,,8.0,61.4247
2022-08-18,,8.0,60.7552
2022-08-19,,8.0,59.957
2022-08-20,,,59.1321
2022-08-22,,8.0,
2022-08-23,,8.0,59.7419
2022-08-24,,8.0,59.8963
2022-08-25,,8.0,59.9974
2022-08-26,,8.0,59.7699
2022-08-27,,,60.0924
2022-08-29,,8.0,
2022-08-30,,8.0,60.3636
2022-08-31,100.0,8.0,60.3677
2022-09-01,,8.0,60.2386
2022-09-02,,8.0,60.237
2022-09-03,,,60.3713
2022-09-05,,8.0,
2022-09-06,,8.0,60.9033
2022-09-07,,8.0,60.8544
2022-09-08,,8.0,61.1814
2022-09-09,,8.0,60.801
2022-09-10,,,60.4696
2022-09-12,,8.0,
2022-09-13,,8.0,60.4568
2022-09-14,,8.0,60.0676
2022-09-15,,8.0,59.7751
2022-09-16,,8.0,59.6663
2022-09-17,,,60.0316
2022-09-19,,7.5,
2022-09-20,,7.5,60.1662
2022-09-21,,7.5,60.0158
2022-09-22,,7.5,60.8685
2022-09-23,,7.5,59.8318
2022-09-24,,,58.1006
2022-09-26,,7.5,
2022-09-27,,7.5,57.999
2022-09-28,,7.5,58.1756
2022-09-29,,7.5,58.4485
2022-09-30,100.3,7.5,57.413
2022-10-01,,,55.2987
2022-10-03,,7.5,
2022-10-04,,7.5,57.5664
2022-10-05,,7.5,58.7913
2022-10-06,,7.5,59.4043
2022-10-07,,7.5,60.2534
2022-10-08,,,61.2475
2022-10-10,,7.5,
2022-10-11,,7.5,62.3126
2022-10-12,,7.5,63.684
2022-10-13,,7.5,63.7559
2022-10-14,,7.5,63.4917
2022-10-15,,,63.0558
2022-10-17,,7.5,
2022-10-18,,7.5,61.7634
2022-10-19,,7.5,61.7032
2022-10-20,,7.5,61.5905
2022-10-21,,7.5,61.5018
2022-10-22,,,61.1958
2022-10-24,,7.5,
2022-10-25,,7.5,61.1629
2022-10-26,,7.5,61.3326
2022-10-27,,7.5,61.4277
2022-10-28,,7.5,61.3589
2022-10-29,,,61.5343
2022-10-31,100.03,7.5,
2022-11-01,,7.5,61.6229
2022-11-02,,7.5,61.4275
2022-11-03,,7.5,61.6175
2022-11-04,,,62.0955
2022-11-07,,7.5,
2022-11-08,,7.5,61.2367
2022-11-09,,7.5,60.9774
2022-11-10,,7.5,61.0611
2022-11-11,,7.5,61.2434
2022-11-12,,,60.2179
2022-11-14,,7.5,
2022-11-15,,7.5,60.3982
2022-11-16,,7.5,60.3116
2022-11-17,,7.5,60.3484
2022-11-18,,7.5,60.3894
2022-11-19,,,60.3741
2022-11-21,,7.5,
2022-11-22,,7.5,60.7379
2022-11-23,,7.5,60.6566
2022-11-24,,7.5,60.5043
2022-11-25,,7.5,60.3866
2022-11-26,,,60.4797
2022-11-28,,7.5,
2022-11-29,,7.5,60.752
2022-11-30,100.18,7.5,61.0742
2022-12-01,,7.5,60.8803
2022-12-02,,7.5,61.1479
2022-12-03,,,61.7749
2022-12-05,,7.5,
2022-12-06,,7.5,62.1849
2022-12-07,,7.5,62.9103
2022-12-08,,7.5,62.9372
2022-12-09,,7.5,62.5722
2022-12-10,,,62.3813
2022-12-12,,7.5,
2022-12-13,,7.5,62.7674
2022-12-14,,7.5,63.212
2022-12-15,,7.5,63.359
2022-12-16,,7.5,64.3015
2022-12-17,,,64.6078
2022-12-19,,7.5,
2022-12-20,,7.5,66.3474
2022-12-21,,7.5,69.0037
2022-12-22,,7.5,70.5256
2022-12-23,,7.5,72.1306
2022-12-24,,,68.676
2022-12-26,,7.5,
2022-12-27,,7.5,68.4487
2022-12-28,,7.5,69.9346
2022-12-29,,7.5,71.3261
2022-12-30,,7.5,71.9778
2022-12-31,99.97,,70.3375
2023-01-03,,7.5,
2023-01-04,,7.5,
2023-01-05,,7.5,
2023-01-06,,7.5,
2023-01-09,,7.5,
2023-01-10,,7.5,70.3002
2023-01-11,,7.5,69.6094
2023-01-12,,7.5,69.0202
2023-01-13,,7.5,67.7775
2023-01-14,,,67.5744
2023-01-16,,7.5,
2023-01-17,,7.5,68.2892
2023-01-18,,7.5,68.6644
2023-01-19,,7.5,68.8728
2023-01-20,,7.5,68.8467
2023-01-21,,,68.6656
2023-01-23,,7.5,
2023-01-24,,7.5,68.6288
2023-01-25,,7.5,68.7529
2023-01-26,,7.5,68.9573
2023-01-27,,7.5,69.1263
2023-01-28,,,69.3372
2023-01-30,,7.5,
2023-01-31,100.3,7.5,69.5927
2023-02-01,,7.5,70.5174
2023-02-02,,7.5,70.1217
2023-02-03,,7.5,70.0414
2023-02-04,,,70.3847
2023-02-06,,7.5,
2023-02-07,,7.5,70.5991
2023-02-08,,7.5,70.8924
2023-02-09,,7.5,71.5763
2023-02-10,,7.5,72.8949
2023-02-11,,,72.7923
2023-02-13,,7.5,
2023-02-14,,7.5,73.6307
2023-02-15,,7.5,73.8645
2023-02-16,,7.5,74.2077
2023-02-17,,7.5,74.7638
2023-02-18,,,74.7588
2023-02-20,,7.5,
2023-02-21,,7.5,74.0432
2023-02-22,,7.5,74.8596
2023-02-23,,,74.7087
2023-02-24,,7.5,
2023-02-27,,7.5,
2023-02-28,100.13,7.5,75.4323
2023-03-01,,7.5,74.8932
2023-03-02,,7.5,75.2513
2023-03-03,,7.5,75.4729
2023-03-04,,,75.4592
2023-03-06,,7.5,
2023-03-07,,7.5,75.4728
2023-03-08,,,75.4577
2023-03-09,,7.5,
2023-03-10,,7.5,75.9028
2023-03-11,,,75.9406
2023-03-13,,7.5,
2023-03-14,,7.5,75.4609
2023-03-15,,7.5,75.1927
2023-03-16,,7.5,75.7457
2023-03-17,,7.5,76.4095
2023-03-18,,,76.6044
2023-03-20,,7.5,
2023-03-21,,7.5,77.2422
2023-03-22,,7.5,76.8373
2023-03-23,,7.5,76.9561
2023-03-24,,7.5,76.3072
2023-03-25,,,76.4479
2023-03-27,,7.5,
2023-03-28,,7.5,76.5662
2023-03-29,,7.5,76.5939
2023-03-30,,7.5,76.9781
2023-03-31,100.37,7.5,77.0863
2023-04-01,,,77.3233
2023-04-03,,7.5,
2023-04-04,,7.5,77.951
2023-04-05,,7.5,79.3563
2023-04-06,,7.5,79.4961
2023-04-07,,7.5,80.6713
2023-04-08,,,82.3988
2023-04-10,,7.5,
2023-04-11,,7.5,81.7441
2023-04-12,,7.5,82.1799
2023-04-13,,7.5,82.0934
2023-04-14,,7.5,81.6758
2023-04-15,,,81.5045
2023-04-17,,7.5,
2023-04-18,,7.5,81.6279
2023-04-19,,7.5,81.6028
2023-04-20,,7.5,81.6549
2023-04-21,,7.5,81.6188
2023-04-22,,,81.4863
2023-04-24,,7.5,
2023-04-25,,7.5,81.2745
2023-04-26,,7.5,81.5499
2023-04-27,,7.5,81.6274
2023-04-28,,7.5,81.5601
2023-04-29,,,80.5093
2023-04-30,100.31,,
2023-05-02,,7.5,
2023-05-03,,7.5,79.9609
2023-05-04,,7.5,79.3071
2023-05-05,,7.5,78.6139
2023-05-06,,,76.8207
2023-05-08,,7.5,
2023-05-10,,7.5,
2023-05-11,,7.5,76.6929
2023-05-12,,7.5,75.8846
2023-05-13,,,77.2041
2023-05-15,,7.5,
2023-05-16,,7.5,79.1004
2023-05-17,,7.5,79.9798
2023-05-18,,7.5,80.7642
2023-05-19,,7.5,80.0366
2023-05-20,,,79.9093
2023-05-22,,7.5,
2023-05-23,,7.5,79.9379
2023-05-24,,7.5,80.1665
2023-05-25,,7.5,79.9669
2023-05-26,,7.5,79.9841
2023-05-27,,,79.9667
2023-05-29,,7.5,
2023-05-30,,7.5,80.0555
2023-05-31,100.52,7.5,80.6872
2023-06-01,,7.5,80.9942
2023-06-02,,7.5,80.9657
2023-06-03,,,80.8756
2023-06-05,,7.5,
2023-06-06,,7.5,81.3294
2023-06-07,,7.5,81.2502
2023-06-08,,7.5,81.4581
2023-06-09,,7.5,82.093
2023-06-10,,,82.6417
2023-06-13,,7.5,
2023-06-14,,7.5,83.6405
2023-06-15,,7.5,84.3249
2023-06-16,,7.5,83.9611
