,Date,Price,Open,High,Low,Vol.,Change %
0,03/31/2023,129.32,130.6,130.6,128.36,3.54,-0.98
1,03/30/2023,130.6,132.3,133.44,129.8,4.85,-0.94
2,03/29/2023,131.84,128.0,134.44,127.1,10.37,3.37
3,03/28/2023,127.54,128.58,128.94,126.56,2.27,-0.5
4,03/27/2023,128.18,127.0,128.42,126.86,2.81,1.33
5,03/24/2023,126.5,126.2,126.5,125.4,1.26,0.24
6,03/23/2023,126.2,125.0,126.54,123.92,2.88,0.88
7,03/22/2023,125.1,125.98,126.32,125.0,1.49,-0.78
8,03/21/2023,126.08,128.24,128.58,125.12,3.45,-1.18
9,03/20/2023,127.58,125.4,128.0,124.42,5.78,1.98
10,03/17/2023,125.1,125.02,125.96,124.32,3.99,0.77
11,03/16/2023,124.14,123.8,124.32,120.8,3.42,0.26
12,03/15/2023,123.82,125.94,126.42,122.5,3.35,-1.5
13,03/14/2023,125.7,125.0,126.26,124.02,2.72,0.62
14,03/13/2023,124.92,127.0,127.2,124.02,4.5,-1.36
15,03/10/2023,126.64,125.9,127.2,125.4,2.66,0.14
16,03/09/2023,126.46,126.4,127.22,125.22,2.63,0.06
17,03/07/2023,126.38,126.9,127.4,125.7,3.38,-0.46
18,03/06/2023,126.96,128.5,129.1,126.6,5.01,-1.06
19,03/03/2023,128.32,126.2,128.54,125.3,2.94,1.73
20,03/02/2023,126.14,127.9,128.9,124.32,6.61,-1.44
21,03/01/2023,127.98,125.98,128.52,125.14,5.7,2.22
22,02/28/2023,125.2,124.2,126.0,123.8,5.4,0.92
23,02/27/2023,124.06,119.88,124.64,117.84,6.0,3.38
24,02/24/2023,120.0,121.32,122.44,118.9,3.08,-0.78
25,02/22/2023,120.94,122.02,122.38,119.56,4.05,-0.69
26,02/21/2023,121.78,117.88,122.0,117.72,6.03,3.33
27,02/20/2023,117.86,117.22,118.34,114.4,3.84,0.36
28,02/17/2023,117.44,116.88,118.6,115.74,4.33,-0.47
29,02/16/2023,118.0,118.4,120.34,115.46,5.49,0.34
30,02/15/2023,117.6,122.5,122.58,115.2,6.67,-4.34
31,02/14/2023,122.94,126.26,126.66,122.76,4.2,-2.97
32,02/13/2023,126.7,125.04,127.48,125.02,4.23,1.36
33,02/10/2023,125.0,122.04,125.7,121.72,7.15,2.04
34,02/09/2023,122.5,119.3,123.24,118.34,4.59,2.68
35,02/08/2023,119.3,121.9,122.42,119.1,3.49,-2.08
36,02/07/2023,121.84,123.22,123.9,120.8,3.42,-1.3
37,02/06/2023,123.44,120.4,123.68,119.82,5.09,2.63
38,02/03/2023,120.28,120.22,120.68,118.1,4.16,0.05
39,02/02/2023,120.22,119.8,120.88,118.0,5.56,1.06
40,02/01/2023,118.96,117.0,120.0,116.5,5.21,1.85
41,01/31/2023,116.8,115.4,116.98,114.8,2.92,1.42
42,01/30/2023,115.16,113.76,115.38,113.76,3.01,1.23
43,01/27/2023,113.76,112.38,113.98,112.22,2.29,1.25
44,01/26/2023,112.36,111.76,113.16,111.24,1.87,0.64
45,01/25/2023,111.64,111.26,112.1,110.72,1.7,0.34
46,01/24/2023,111.26,111.82,112.8,111.08,1.77,-0.68
47,01/23/2023,112.02,112.3,112.46,111.28,1.6,0.04
48,01/20/2023,111.98,111.8,112.28,110.88,1.82,0.43
49,01/19/2023,111.5,111.5,112.46,110.58,2.79,-0.04
50,01/18/2023,111.54,111.3,113.3,110.84,3.26,0.14
51,01/17/2023,111.38,114.38,114.52,111.0,4.75,-2.55
52,01/16/2023,114.3,112.2,114.48,112.2,4.36,1.91
53,01/13/2023,112.16,111.5,112.3,110.7,2.0,0.59
54,01/12/2023,111.5,112.16,112.4,110.22,2.32,-0.54
55,01/11/2023,112.1,109.0,112.28,109.0,3.47,2.64
56,01/10/2023,109.22,109.9,110.18,108.64,3.62,-1.07
57,01/09/2023,110.4,111.9,112.38,109.8,4.64,-0.84
58,01/06/2023,111.34,112.28,112.5,111.18,1.9,-0.64
59,01/05/2023,112.06,112.3,112.66,110.88,2.31,-0.25
60,01/04/2023,112.34,114.58,114.62,111.82,4.18,-1.77
61,01/03/2023,114.36,113.0,115.2,112.7,6.51,-2.89
62,12/30/2022,117.76,115.68,118.32,115.24,4.21,2.19
63,12/29/2022,115.24,115.1,115.96,114.5,1.55,-0.28
64,12/28/2022,115.56,116.0,116.6,114.8,3.13,-0.33
65,12/27/2022,115.94,115.48,115.98,113.78,3.6,0.56
66,12/26/2022,115.3,114.6,115.52,114.3,2.35,0.59
67,12/23/2022,114.62,113.76,115.48,112.5,3.04,0.76
68,12/22/2022,113.76,115.12,115.94,112.94,4.56,-0.77
69,12/21/2022,114.64,114.98,117.0,112.8,6.67,0.16
70,12/20/2022,114.46,111.36,115.7,111.12,8.2,2.8
71,12/19/2022,111.34,108.5,112.2,107.68,6.02,2.75
72,12/16/2022,108.36,107.02,108.96,106.76,2.07,1.18
73,12/15/2022,107.1,108.82,109.58,107.1,4.68,-1.6
74,12/14/2022,108.84,107.58,109.82,106.78,5.17,1.36
75,12/13/2022,107.38,107.4,108.4,106.06,4.53,0.22
76,12/12/2022,107.14,107.38,107.94,106.3,4.12,0.66
77,12/09/2022,106.44,107.86,108.96,105.4,5.37,-1.26
78,12/08/2022,107.8,105.9,107.98,105.36,5.35,1.89
79,12/07/2022,105.8,106.34,106.94,104.98,2.95,-0.71
80,12/06/2022,106.56,105.92,107.0,105.3,3.32,0.81
81,12/05/2022,105.7,105.5,106.6,104.72,2.61,0.25
82,12/02/2022,105.44,106.6,106.6,104.9,2.43,-1.11
83,12/01/2022,106.62,106.42,107.0,106.02,2.05,0.13
84,11/30/2022,106.48,106.1,106.62,105.28,1.86,0.09
85,11/29/2022,106.38,106.12,107.2,105.58,3.28,0.59
86,11/28/2022,105.76,104.9,105.9,103.52,2.62,0.34
87,11/25/2022,105.4,106.16,106.8,104.88,2.74,-0.72
88,11/24/2022,106.16,107.36,107.86,105.6,2.7,-0.54
89,11/23/2022,106.74,107.54,107.96,105.6,3.97,-0.09
90,11/22/2022,106.84,104.88,107.76,103.2,5.26,2.42
91,11/21/2022,104.32,105.8,105.8,103.16,3.58,-1.49
92,11/18/2022,105.9,105.6,105.98,104.5,2.68,0.21
93,11/17/2022,105.68,107.24,108.0,105.12,3.55,-1.34
94,11/16/2022,107.12,104.8,107.5,104.28,4.95,3.06
95,11/15/2022,103.94,107.2,109.5,101.3,9.53,-2.84
96,11/14/2022,106.98,107.7,108.0,105.66,5.6,-0.02
97,11/11/2022,107.0,107.6,109.0,104.58,4.95,-0.3
98,11/10/2022,107.32,104.22,107.76,103.12,7.59,2.93
99,11/09/2022,104.26,108.42,108.98,103.82,8.1,-4.45
100,11/08/2022,109.12,110.2,111.5,108.06,7.29,-0.73
101,11/07/2022,109.92,105.0,111.0,104.52,12.08,5.69
102,11/03/2022,104.0,100.5,104.8,99.16,9.23,3.36
103,11/02/2022,100.62,103.34,103.46,98.52,4.31,-2.58
104,11/01/2022,103.28,103.3,104.88,101.3,6.17,0.19
105,10/31/2022,103.08,106.26,106.26,101.82,8.62,-2.74
106,10/28/2022,105.98,105.56,106.76,103.16,10.42,0.38
107,10/27/2022,105.58,100.5,107.24,99.2,18.25,5.37
108,10/26/2022,100.2,96.32,101.4,95.02,11.58,4.07
109,10/25/2022,96.28,93.46,97.0,93.18,7.47,3.02
110,10/24/2022,93.46,94.52,95.26,92.02,9.12,-0.91
111,10/21/2022,94.32,89.36,94.5,87.8,15.86,5.62
112,10/20/2022,89.3,86.18,89.9,85.74,9.75,4.71
113,10/19/2022,85.28,84.7,85.94,83.56,5.17,0.4
114,10/18/2022,84.94,88.08,88.34,84.82,10.14,-3.17
115,10/17/2022,87.72,83.1,87.72,82.14,12.33,6.38
116,10/14/2022,82.46,82.24,83.86,80.22,7.2,0.05
117,10/13/2022,82.42,81.82,83.24,81.04,3.97,0.15
118,10/12/2022,82.3,83.38,83.62,80.68,6.84,-0.6
119,10/11/2022,82.8,78.3,83.36,76.52,14.88,5.99
120,10/10/2022,78.12,71.98,78.22,70.4,13.72,5.71
121,10/07/2022,73.9,78.0,78.0,73.2,13.89,-5.52
122,10/06/2022,78.22,80.16,82.28,77.56,13.51,-2.74
123,10/05/2022,80.42,82.3,82.44,77.5,11.66,-3.46
124,10/04/2022,83.3,87.0,87.38,81.74,10.88,-3.99
125,10/03/2022,86.76,85.46,88.26,82.2,12.09,2.19
126,09/30/2022,84.9,78.5,85.4,75.0,18.43,8.76
127,09/29/2022,78.06,81.7,82.3,76.5,8.65,-4.46
128,09/28/2022,81.7,82.66,84.94,79.18,11.31,-0.22
129,09/27/2022,81.88,79.74,82.7,76.12,10.86,5.92
130,09/26/2022,77.3,90.36,91.14,77.04,19.46,-15.63
131,09/23/2022,91.62,100.46,100.46,90.02,14.33,-8.84
132,09/22/2022,100.5,101.0,104.48,100.16,7.1,0.08
133,09/21/2022,100.42,97.2,106.14,97.2,12.42,-7.72
134,09/20/2022,108.82,117.0,117.1,106.5,14.2,-6.75
135,09/19/2022,116.7,117.24,117.96,115.9,3.9,-0.38
136,09/16/2022,117.14,118.96,119.14,116.6,5.27,-1.43
137,09/15/2022,118.84,118.28,119.28,117.72,3.8,0.85
138,09/14/2022,117.84,118.34,118.34,115.32,4.32,-0.42
139,09/13/2022,118.34,119.98,120.78,117.76,4.81,-1.2
140,09/12/2022,119.78,117.5,121.7,117.48,7.28,1.72
141,09/09/2022,117.76,117.02,117.98,116.0,6.41,0.82
142,09/08/2022,116.8,119.2,119.36,116.66,4.79,-1.72
143,09/07/2022,118.84,121.48,122.46,118.84,6.11,-1.87
144,09/06/2022,121.1,125.8,125.82,120.66,6.62,-3.89
145,09/05/2022,126.0,123.0,126.0,121.58,4.69,2.86
146,09/02/2022,122.5,118.66,122.5,118.42,5.49,3.81
147,09/01/2022,118.0,121.4,121.76,117.18,5.26,-2.2
148,08/31/2022,120.66,119.0,123.96,118.12,5.45,1.51
149,08/30/2022,118.86,116.5,119.5,116.5,8.2,2.03
150,08/29/2022,116.5,115.02,116.5,114.58,3.94,1.3
151,08/26/2022,115.0,115.42,115.42,113.52,3.94,-0.17
152,08/25/2022,115.2,117.48,117.78,114.5,4.17,-1.94
153,08/24/2022,117.48,116.86,117.48,116.4,1.69,0.51
154,08/23/2022,116.88,116.6,117.72,116.22,2.45,0.36
155,08/22/2022,116.46,115.1,117.08,114.3,3.28,1.36
156,08/19/2022,114.9,115.2,115.42,113.78,4.05,-0.31
157,08/18/2022,115.26,116.3,116.5,114.94,3.69,-0.81
158,08/17/2022,116.2,117.96,118.0,116.2,3.44,-1.53
159,08/16/2022,118.0,117.94,118.48,116.68,4.27,0.03
160,08/15/2022,117.96,117.68,117.96,115.7,2.9,0.68
161,08/12/2022,117.16,117.22,117.96,115.0,4.02,-0.44
162,08/11/2022,117.68,118.5,119.98,117.1,3.52,-0.69
163,08/10/2022,118.5,118.36,118.5,116.52,3.13,-0.57
164,08/09/2022,119.18,119.1,119.18,116.12,4.25,0.37
165,08/08/2022,118.74,122.5,122.5,118.08,2.96,-1.13
166,08/05/2022,120.1,124.48,125.0,119.36,2.63,-3.53
167,08/04/2022,124.5,125.0,126.8,121.56,2.49,-0.43
168,08/03/2022,125.04,127.14,129.12,124.7,2.87,-3.82
169,08/02/2022,130.0,131.7,132.96,130.0,2.76,-1.29
170,08/01/2022,131.7,131.94,136.36,128.2,10.76,1.31
171,07/29/2022,130.0,124.52,130.0,124.52,2.39,3.59
172,07/28/2022,125.5,125.98,127.8,123.0,6.16,-0.05
173,07/27/2022,125.56,123.5,126.7,122.12,4.58,2.0
174,07/26/2022,123.1,119.32,123.1,119.32,1.86,3.69
175,07/25/2022,118.72,117.02,121.98,116.8,2.93,1.09
176,07/22/2022,117.44,115.36,117.5,114.06,1.98,1.35
177,07/21/2022,115.88,119.42,119.42,114.0,3.24,-3.42
178,07/20/2022,119.98,123.3,123.82,118.6,3.29,-2.61
179,07/19/2022,123.2,125.7,126.04,121.0,2.87,-1.8
180,07/18/2022,125.46,129.4,130.04,125.46,1.56,-3.33
181,07/15/2022,129.78,127.3,129.78,124.7,1.87,2.08
182,07/14/2022,127.14,129.8,131.2,126.02,1.57,-2.05
183,07/13/2022,129.8,132.8,133.02,128.1,1.65,-2.05
184,07/12/2022,132.52,136.2,136.48,132.4,1.48,-2.93
185,07/11/2022,136.52,138.0,138.5,135.5,1.02,-1.07
186,07/08/2022,138.0,138.2,138.2,135.6,945.84,-0.27
187,07/07/2022,138.38,138.62,139.66,136.5,1.26,-0.37
188,07/06/2022,138.9,136.0,140.5,135.6,2.52,1.76
189,07/05/2022,136.5,135.34,136.78,132.48,1.54,0.74
190,07/04/2022,135.5,135.0,136.5,133.46,1.61,1.8
191,07/01/2022,133.1,133.3,140.18,131.08,3.33,-0.22
192,06/30/2022,133.4,137.78,139.96,133.0,3.83,-3.18
193,06/29/2022,137.78,133.9,139.14,131.44,2.6,2.82
194,06/28/2022,134.0,135.44,135.84,133.9,1.38,-1.47
195,06/27/2022,136.0,135.7,136.18,134.0,1.4,0.07
196,06/24/2022,135.9,137.0,138.5,134.32,1.98,-0.8
197,06/23/2022,137.0,134.86,137.0,132.4,2.11,1.59
198,06/22/2022,134.86,132.78,137.18,130.2,1.9,0.42
199,06/21/2022,134.3,135.0,138.92,132.96,4.05,-0.06
200,06/20/2022,134.38,130.34,134.38,130.02,2.52,3.27
201,06/17/2022,130.12,131.0,131.72,129.92,1.27,-0.67
202,06/16/2022,131.0,129.0,132.48,128.34,2.76,1.72
203,06/15/2022,128.78,129.44,130.0,128.5,1.81,-0.82
204,06/14/2022,129.84,129.5,129.84,127.3,1.55,-0.66
205,06/10/2022,130.7,129.8,131.0,126.1,1.75,0.71
206,06/09/2022,129.78,134.0,139.48,128.06,2.64,-3.06
207,06/08/2022,133.88,133.0,135.46,132.02,2.22,1.44
208,06/07/2022,131.98,129.4,133.0,124.5,4.69,1.92
209,06/06/2022,129.5,130.02,130.2,127.02,1.82,-0.4
210,06/03/2022,130.02,135.2,135.8,124.12,7.32,-4.58
211,06/02/2022,136.26,141.88,142.5,135.1,2.52,-4.18
212,06/01/2022,142.2,144.0,144.2,140.62,2.68,-1.46
213,05/31/2022,144.3,144.9,145.54,142.12,1.23,-0.84
214,05/30/2022,145.52,149.92,150.0,143.8,2.66,-2.9
215,05/27/2022,149.86,151.0,151.88,149.04,1.22,-0.61
216,05/26/2022,150.78,150.5,153.62,147.6,1.29,0.19
217,05/25/2022,150.5,149.48,152.9,148.0,934.81,2.38
218,05/24/2022,147.0,151.82,152.26,146.8,1.61,-2.88
219,05/23/2022,151.36,157.02,157.84,150.3,1.23,-2.94
220,05/20/2022,155.94,161.5,161.5,155.7,1.54,-3.51
221,05/19/2022,161.62,160.34,161.62,157.14,936.86,0.82
222,05/18/2022,160.3,159.0,162.48,159.0,2.56,0.82
223,05/17/2022,159.0,159.46,160.48,159.0,1.2,-0.63
224,05/16/2022,160.0,155.88,160.0,155.04,923.88,3.16
225,05/13/2022,155.1,156.02,157.44,155.0,602.34,-0.58
226,05/12/2022,156.0,159.08,160.5,155.5,927.77,-2.12
227,05/11/2022,159.38,160.52,160.9,158.04,1.08,-1.62
228,05/06/2022,162.0,157.64,162.0,156.66,853.33,2.57
229,05/05/2022,157.94,156.6,157.94,155.0,700.78,1.9
230,05/04/2022,155.0,160.48,160.68,155.0,796.49,-2.27
231,04/29/2022,158.6,154.1,160.86,154.1,1.78,0.86
232,04/28/2022,157.24,159.96,162.0,157.0,1.92,-0.58
233,04/27/2022,158.16,157.98,160.84,156.24,1.19,0.11
234,04/26/2022,157.98,151.2,157.98,150.54,1.31,3.4
235,04/25/2022,152.78,155.46,155.78,149.4,1.18,-1.98
236,04/22/2022,155.86,154.66,159.5,153.2,1.83,0.55
237,04/21/2022,155.0,156.5,156.5,152.08,1.59,-0.96
238,04/20/2022,156.5,149.5,158.9,147.0,2.64,4.92
239,04/19/2022,149.16,148.3,150.0,143.0,1.76,0.78
240,04/18/2022,148.0,155.0,155.84,148.0,1.24,-4.65
241,04/15/2022,155.22,150.2,155.22,145.6,2.26,3.34
242,04/14/2022,150.2,155.0,155.0,150.0,1.46,-3.1
243,04/13/2022,155.0,157.34,157.76,152.02,1.21,-0.28
244,04/12/2022,155.44,159.12,159.12,152.1,1.69,-1.12
245,04/11/2022,157.2,161.16,161.44,156.42,1.98,-2.45
246,04/08/2022,161.14,162.5,162.5,160.0,1.29,0.39
247,04/07/2022,160.52,160.5,163.2,160.1,1.73,0.01
248,04/06/2022,160.5,162.5,163.0,158.1,2.41,-1.23
249,04/05/2022,162.5,171.88,172.84,161.2,3.85,-5.47
250,04/04/2022,171.9,173.4,177.82,166.1,3.97,-0.75
251,04/01/2022,173.2,174.7,181.46,172.0,7.91,0.76
252,03/31/2022,171.9,170.0,179.52,168.5,6.57,2.93
253,03/30/2022,167.0,164.0,168.4,160.0,2.62,5.68
254,03/29/2022,158.02,164.08,175.0,152.0,4.22,-3.35
255,03/28/2022,163.5,173.42,174.9,159.3,2.15,-5.49
256,03/25/2022,173.0,183.1,192.0,170.4,2.46,-5.46
257,03/24/2022,183.0,170.0,212.22,161.0,11.8,3.1
258,02/25/2022,177.5,185.12,202.34,160.96,22.1,-1.76
259,02/24/2022,180.68,198.1,207.98,142.0,30.19,-17.89
260,02/22/2022,220.04,200.82,223.54,191.92,30.43,9.48
261,02/21/2022,200.98,226.9,230.5,186.0,36.9,-11.42
262,02/18/2022,226.9,228.92,231.52,223.56,15.29,-0.27
263,02/17/2022,227.52,235.7,235.7,225.84,15.81,-3.47
264,02/16/2022,235.7,233.0,236.5,230.44,8.91,1.14
265,02/15/2022,233.04,227.88,236.2,227.88,15.82,2.2
266,02/14/2022,228.02,220.96,230.5,216.54,15.81,2.96
267,02/11/2022,221.46,226.0,228.72,219.0,15.43,-2.31
268,02/10/2022,226.7,232.2,232.42,224.4,18.41,-2.49
269,02/09/2022,232.5,226.78,233.3,226.78,18.17,2.53
270,02/08/2022,226.76,221.0,228.0,219.3,16.23,2.82
271,02/07/2022,220.54,216.5,220.8,215.44,16.41,1.74
272,02/04/2022,216.76,216.18,219.84,214.0,9.53,0.27
273,02/03/2022,216.18,219.78,221.92,213.52,13.89,-1.64
274,02/02/2022,219.78,215.3,219.98,214.82,13.07,2.08
275,02/01/2022,215.3,214.4,215.5,211.62,7.22,0.92
276,01/31/2022,213.34,210.74,215.94,210.74,7.68,1.24
277,01/28/2022,210.72,210.52,212.7,206.26,7.38,1.04
278,01/27/2022,208.56,201.24,211.48,198.88,11.23,3.24
279,01/26/2022,202.02,198.0,206.64,194.62,14.02,1.86
280,01/25/2022,198.34,195.64,200.62,191.74,13.27,0.97
281,01/24/2022,196.44,207.8,208.4,193.04,20.22,-5.05
282,01/21/2022,206.88,209.7,211.46,206.08,12.27,-1.37
283,01/20/2022,209.76,212.0,215.12,207.2,10.26,-0.22
284,01/19/2022,210.22,204.1,212.94,198.5,19.71,2.2
285,01/18/2022,205.7,211.5,212.22,198.5,19.66,-2.74
286,01/17/2022,211.5,214.0,216.72,207.62,9.45,-1.17
287,01/14/2022,214.0,218.12,220.44,211.02,12.6,-2.29
288,01/13/2022,219.02,220.58,221.52,216.96,10.26,-0.71
289,01/12/2022,220.58,217.3,220.98,215.76,8.1,1.52
290,01/11/2022,217.28,212.9,217.94,210.92,9.42,2.34
291,01/10/2022,212.32,214.62,215.82,210.5,5.67,-0.7
292,01/06/2022,213.82,213.04,217.98,211.8,9.23,0.09
293,01/05/2022,213.62,218.5,218.76,212.32,5.96,-2.19
294,01/04/2022,218.4,218.8,219.4,216.52,6.52,-0.13
295,01/03/2022,218.68,217.04,219.04,216.12,4.19,0.76
296,12/30/2021,217.04,215.02,217.9,213.0,6.19,0.94
297,12/29/2021,215.02,215.86,216.72,213.5,4.07,-0.34
298,12/28/2021,215.76,215.0,217.62,214.32,8.35,0.54
299,12/27/2021,214.6,212.4,215.0,211.9,4.54,1.04
300,12/24/2021,212.4,211.2,212.5,209.5,3.79,0.58
301,12/23/2021,211.18,211.0,212.56,209.8,6.43,0.16
302,12/22/2021,210.84,212.4,212.8,210.68,5.8,-0.69
303,12/21/2021,212.3,215.84,217.7,209.7,11.14,-1.16
304,12/20/2021,214.8,210.32,215.8,207.14,14.06,1.95
305,12/17/2021,210.7,210.0,211.12,207.38,10.41,0.57
306,12/16/2021,209.5,202.88,211.92,202.88,13.92,3.31
307,12/15/2021,202.78,199.8,203.56,197.76,8.87,1.49
308,12/14/2021,199.8,203.9,204.0,184.8,21.75,-2.11
309,12/13/2021,204.1,212.2,213.64,202.72,11.59,-3.82
310,12/10/2021,212.2,211.5,214.06,209.22,10.76,0.48
311,12/09/2021,211.18,208.06,212.18,207.28,13.85,1.63
312,12/08/2021,207.8,208.36,210.16,206.02,10.32,-0.27
313,12/07/2021,208.36,207.0,209.76,202.5,16.81,0.71
314,12/06/2021,206.9,207.16,209.4,205.1,14.5,-5.7
315,12/03/2021,219.4,218.68,221.98,217.7,22.9,0.49
316,12/02/2021,218.34,217.42,218.5,215.32,12.65,0.98
317,12/01/2021,216.22,217.6,220.0,215.32,14.87,-0.4
318,11/30/2021,217.08,218.02,219.5,214.1,23.08,-1.37
319,11/29/2021,220.1,219.02,222.1,218.4,11.26,1.27
320,11/26/2021,217.34,220.92,220.96,215.82,12.4,-2.67
321,11/25/2021,223.3,223.0,224.52,222.14,5.45,0.28
322,11/24/2021,222.68,223.0,225.24,220.0,11.96,-0.05
323,11/23/2021,222.8,217.96,223.6,213.72,15.52,1.64
324,11/22/2021,219.2,223.0,224.62,212.34,16.17,-1.51
325,11/19/2021,222.56,225.5,226.5,220.7,7.97,-0.94
326,11/18/2021,224.68,222.86,226.8,222.34,11.19,0.62
327,11/17/2021,223.3,224.66,224.66,222.28,6.24,0.36
328,11/16/2021,222.5,221.96,222.8,220.1,8.38,0.55
329,11/15/2021,221.28,219.2,223.28,215.4,14.57,0.14
330,11/12/2021,220.98,225.0,225.38,219.3,14.87,-1.66
331,11/11/2021,224.7,222.0,225.0,221.18,12.08,1.33
332,11/10/2021,221.76,227.0,228.18,221.5,11.79,-2.35
333,11/09/2021,227.1,223.08,229.38,221.28,16.42,1.74
334,11/08/2021,223.22,222.68,223.82,219.5,12.43,0.72
335,11/05/2021,221.62,223.0,223.42,219.22,10.12,-1.37
336,11/03/2021,224.7,225.4,225.4,222.22,8.59,-0.13
337,11/02/2021,225.0,227.7,228.1,224.1,7.97,-1.18
338,11/01/2021,227.68,223.9,227.92,223.62,9.18,1.82
339,10/29/2021,223.6,225.24,225.5,221.16,8.51,-0.92
340,10/28/2021,225.68,228.9,229.66,222.2,17.3,-1.37
341,10/27/2021,228.82,230.98,230.98,224.72,11.92,-0.99
342,10/26/2021,231.1,228.6,234.46,227.64,20.65,0.99
343,10/25/2021,228.84,227.0,228.9,225.76,12.87,1.49
344,10/22/2021,225.48,225.7,228.2,224.48,14.52,-0.19
345,10/21/2021,225.92,219.02,228.4,219.02,27.85,2.37
346,10/20/2021,220.7,221.6,222.3,217.04,14.32,-0.68
347,10/19/2021,222.22,220.64,224.06,218.22,18.9,1.36
348,10/18/2021,219.24,211.84,219.5,209.2,15.23,3.63
349,10/15/2021,211.56,216.9,217.62,210.1,14.03,-1.92
350,10/14/2021,215.7,215.5,216.4,214.5,8.68,0.53
351,10/13/2021,214.56,219.5,219.62,213.5,13.59,-2.05
352,10/12/2021,219.04,221.34,221.34,217.2,15.33,-1.17
353,10/11/2021,221.64,222.6,224.88,220.3,14.05,-0.12
354,10/08/2021,221.9,218.36,224.6,214.74,21.95,2.02
355,10/07/2021,217.5,212.6,217.66,212.36,19.05,3.13
356,10/06/2021,210.9,206.86,212.44,204.6,24.15,1.53
357,10/05/2021,207.72,204.48,209.0,200.72,22.61,1.2
358,10/04/2021,205.26,211.54,212.06,202.26,21.87,-3.41
359,10/01/2021,212.5,216.62,216.62,211.5,9.6,-1.9
360,09/30/2021,216.62,219.72,219.98,215.12,9.59,-0.87
361,09/29/2021,218.52,218.0,220.9,217.54,8.27,0.05
362,09/28/2021,218.4,223.5,223.76,216.7,9.61,-2.12
363,09/27/2021,223.14,225.5,227.2,221.88,8.13,-0.61
364,09/24/2021,224.5,224.3,227.6,221.88,9.98,0.17
365,09/23/2021,224.12,222.88,224.84,217.4,20.03,1.49
366,09/22/2021,220.82,215.9,222.0,214.54,11.91,3.19
367,09/21/2021,214.0,213.5,216.4,211.16,13.26,0.77
368,09/20/2021,212.36,219.0,222.86,211.02,18.51,-3.95
369,09/17/2021,221.1,227.16,227.2,220.22,15.01,-2.44
370,09/16/2021,226.62,230.24,230.74,225.3,10.34,-1.6
371,09/15/2021,230.3,228.2,233.12,224.2,14.4,0.32
372,09/14/2021,229.56,233.94,234.38,228.5,12.68,-2.21
373,09/13/2021,234.74,232.0,235.86,230.26,8.46,1.51
374,09/10/2021,231.24,227.0,232.92,225.5,13.98,2.13
375,09/09/2021,226.42,236.0,236.42,226.2,16.12,-4.16
376,09/08/2021,236.26,235.1,237.46,235.1,7.46,0.03
377,09/07/2021,236.2,238.42,238.48,234.8,6.47,-0.5
378,09/06/2021,237.38,233.88,237.94,232.18,17.22,-3.63
379,09/03/2021,246.32,244.5,247.96,244.12,17.41,0.4
380,09/02/2021,245.34,246.0,247.5,242.34,13.37,-0.43
381,09/01/2021,246.4,248.84,248.9,241.4,14.04,-0.48
382,08/31/2021,247.6,252.0,253.56,245.3,20.55,-1.34
383,08/30/2021,250.96,246.82,251.88,246.76,8.6,1.7
384,08/27/2021,246.76,242.02,246.76,240.68,7.68,2.23
385,08/26/2021,241.38,244.0,245.9,239.42,14.99,-1.36
386,08/25/2021,244.7,238.86,246.42,238.72,12.02,2.21
387,08/24/2021,239.4,240.1,241.66,237.5,8.93,-0.23
388,08/23/2021,239.96,239.52,240.62,236.2,9.54,0.49
389,08/20/2021,238.78,240.0,241.26,237.22,8.78,-0.72
390,08/19/2021,240.5,245.0,245.0,237.0,20.27,-2.16
391,08/18/2021,245.8,250.5,251.68,245.26,11.58,-1.97
392,08/17/2021,250.74,251.0,252.76,250.2,8.62,-0.19
393,08/16/2021,251.22,250.0,252.92,249.64,7.42,0.14
394,08/13/2021,250.86,252.68,252.68,249.4,7.9,-0.53
395,08/12/2021,252.2,254.3,254.3,251.36,7.54,-0.87
396,08/11/2021,254.42,256.04,257.5,252.7,9.3,-0.87
397,08/10/2021,256.64,254.82,257.68,252.78,7.87,1.07
398,08/09/2021,253.92,255.12,256.68,250.0,19.63,-0.82
399,08/06/2021,256.02,262.34,263.32,255.12,10.47,-2.41
400,08/05/2021,262.34,259.0,262.5,257.72,7.42,1.71
401,08/04/2021,257.94,258.48,259.74,257.04,7.71,-0.02
402,08/03/2021,258.0,256.0,258.96,256.0,7.0,0.44
403,08/02/2021,256.86,259.02,260.54,256.12,6.42,-0.63
404,07/30/2021,258.5,258.6,259.56,255.8,11.98,0.06
405,07/29/2021,258.34,257.0,258.98,255.3,9.4,0.8
406,07/28/2021,256.28,256.5,258.3,254.58,11.3,-0.11
407,07/27/2021,256.56,248.0,256.8,247.46,17.65,3.1
408,07/26/2021,248.84,245.96,249.08,245.1,7.77,0.84
409,07/23/2021,246.76,248.1,249.3,244.76,7.32,-0.38
410,07/22/2021,247.7,243.5,248.5,242.74,14.43,2.1
411,07/21/2021,242.6,241.44,242.98,239.22,8.19,0.78
412,07/20/2021,240.72,234.2,241.34,231.56,13.23,3.11
413,07/19/2021,233.46,237.0,238.12,230.82,10.28,-2.11
414,07/16/2021,238.5,242.0,244.36,236.68,11.68,-1.08
415,07/15/2021,241.1,236.0,242.34,235.92,10.34,1.79
416,07/14/2021,236.86,238.02,241.98,236.18,9.5,-0.99
417,07/13/2021,239.22,236.18,242.0,233.52,16.79,1.44
418,07/12/2021,235.82,234.3,236.42,230.3,9.12,0.86
419,07/09/2021,233.8,225.7,234.48,225.16,13.83,3.4
420,07/08/2021,226.12,229.84,232.56,223.7,10.83,-1.13
421,07/07/2021,228.7,222.02,229.4,222.02,9.85,3.02
422,07/06/2021,222.0,227.48,228.7,221.84,10.72,-2.13
423,07/05/2021,226.84,230.2,230.2,226.14,5.67,-1.26
424,07/02/2021,229.74,228.24,232.18,227.84,8.6,0.48
425,07/01/2021,228.64,230.78,232.6,227.0,7.31,-0.91
426,06/30/2021,230.74,226.26,230.78,224.7,12.93,1.98
427,06/29/2021,226.26,231.68,231.68,224.82,16.63,-2.38
428,06/28/2021,231.78,231.26,236.88,230.2,13.02,0.17
429,06/25/2021,231.38,234.4,236.44,226.22,26.53,-1.76
430,06/24/2021,235.52,246.4,247.7,230.6,31.0,-4.53
431,06/23/2021,246.7,249.0,250.92,245.04,9.5,-0.97
432,06/22/2021,249.12,252.0,253.48,248.14,11.16,-3.83
433,06/21/2021,259.04,260.06,260.5,253.82,15.68,-0.62
434,06/18/2021,260.66,260.0,261.68,255.94,14.2,0.18
435,06/17/2021,260.18,262.48,263.18,259.02,9.73,-1.06
436,06/16/2021,262.98,265.82,266.42,261.88,8.04,-1.38
437,06/15/2021,266.66,271.74,273.2,265.06,9.19,-1.97
438,06/14/2021,272.02,272.0,274.4,268.8,5.45,0.04
439,06/11/2021,271.9,265.6,275.56,263.9,13.41,2.75
440,06/10/2021,264.62,262.22,265.78,261.3,7.19,0.92
441,06/09/2021,262.22,262.0,262.74,259.6,7.41,0.12
442,06/08/2021,261.9,263.98,265.58,260.12,6.94,-0.8
443,06/07/2021,264.0,262.46,265.1,260.3,5.81,0.41
444,06/04/2021,262.92,263.86,263.86,257.04,8.05,-0.3
445,06/03/2021,263.7,265.94,267.96,261.8,6.86,-0.84
446,06/02/2021,265.94,266.62,267.96,262.7,9.32,-0.26
447,06/01/2021,266.62,262.1,266.64,262.04,11.04,1.81
448,05/31/2021,261.88,262.0,264.3,259.08,10.07,-0.63
449,05/28/2021,263.54,268.24,269.68,260.12,11.54,-1.38
450,05/27/2021,267.22,266.58,271.16,264.26,34.59,0.14
451,05/26/2021,266.84,276.22,278.36,264.64,16.66,-3.22
452,05/25/2021,275.72,273.4,276.06,272.78,7.18,1.18
453,05/24/2021,272.5,271.0,272.5,268.4,5.39,0.79
454,05/21/2021,270.36,272.8,272.88,268.5,6.77,-0.54
455,05/20/2021,271.82,265.8,273.06,265.8,8.31,2.31
456,05/19/2021,265.68,270.94,272.54,264.0,7.85,-2.29
457,05/18/2021,271.9,269.82,274.38,268.94,6.93,1.18
458,05/17/2021,268.74,269.78,270.1,266.38,4.44,0.05
459,05/14/2021,268.6,268.0,271.12,264.24,6.23,-0.33
460,05/13/2021,269.5,273.5,274.16,265.36,9.45,-1.47
461,05/12/2021,273.52,272.24,276.76,272.24,9.56,0.24
462,05/11/2021,272.86,272.0,273.78,270.1,7.41,0.33
463,05/10/2021,271.96,269.92,273.22,269.04,11.26,-1.47
464,05/07/2021,276.02,266.82,276.32,266.5,10.36,3.15
465,05/06/2021,267.6,271.56,272.8,264.68,11.96,-1.07
466,05/05/2021,270.5,266.02,270.98,263.12,6.97,1.73
467,05/04/2021,265.9,264.9,267.0,261.16,8.36,0.46
468,04/30/2021,264.68,269.02,270.76,263.2,9.09,-2.29
469,04/29/2021,270.88,270.08,273.34,267.52,6.31,0.44
470,04/28/2021,269.68,270.1,274.56,265.52,13.28,-0.49
471,04/27/2021,271.0,280.18,280.24,268.4,18.67,-2.95
472,04/26/2021,279.24,276.96,282.46,276.22,10.51,1.45
473,04/23/2021,275.24,274.08,276.2,272.34,6.71,1.16
474,04/22/2021,272.08,268.98,275.8,267.0,14.86,1.42
475,04/21/2021,268.26,260.08,268.78,260.08,12.6,2.51
476,04/20/2021,261.68,260.9,263.98,259.32,9.01,0.08
477,04/19/2021,261.46,266.14,270.7,259.04,15.49,-1.68
478,04/16/2021,265.94,255.16,266.06,254.62,12.58,4.92
479,04/15/2021,253.48,249.2,255.32,249.0,10.23,0.74
480,04/14/2021,251.62,255.2,256.88,249.74,9.28,-1.27
481,04/13/2021,254.86,255.5,260.64,253.0,14.93,-0.08
482,04/12/2021,255.06,245.0,255.88,244.24,13.76,3.9
483,04/09/2021,245.48,243.94,245.48,240.28,8.48,0.61
484,04/08/2021,244.0,241.94,244.7,240.2,8.75,1.25
485,04/07/2021,240.98,236.54,242.34,231.14,12.82,1.71
486,04/06/2021,236.94,235.16,239.9,235.16,8.06,0.24
487,04/05/2021,236.38,239.0,239.4,234.7,5.2,-1.5
488,04/02/2021,239.98,237.56,240.18,236.5,2.74,1.18
489,04/01/2021,237.18,242.2,244.88,235.14,11.02,-2.06
490,03/31/2021,242.16,236.2,244.18,234.9,15.06,2.99
491,03/30/2021,235.12,229.7,236.2,229.7,10.85,2.48
492,03/29/2021,229.42,225.42,230.0,223.28,9.11,1.97
493,03/26/2021,224.98,219.02,225.98,218.72,12.43,3.1
494,03/25/2021,218.22,215.5,219.08,215.5,7.75,1.26
495,03/24/2021,215.5,212.54,217.88,210.82,8.68,1.42
496,03/23/2021,212.48,219.26,219.26,211.86,10.68,-2.57
497,03/22/2021,218.08,218.1,219.4,217.0,5.21,-0.12
498,03/19/2021,218.34,216.0,221.2,215.1,13.48,1.07
499,03/18/2021,216.02,216.0,219.94,215.54,11.0,0.4
500,03/17/2021,215.16,215.86,217.48,212.78,9.15,-0.02
501,03/16/2021,215.2,218.58,218.58,213.52,10.56,-1.18
502,03/15/2021,217.78,214.72,219.76,214.72,18.14,0.82
503,03/12/2021,216.0,214.5,216.24,211.5,8.11,1.06
504,03/11/2021,213.74,209.38,213.78,209.14,10.44,2.42
505,03/10/2021,208.68,210.2,210.58,206.64,8.91,-0.72
506,03/09/2021,210.2,213.68,215.0,206.5,14.13,-1.45
507,03/05/2021,213.3,218.06,218.14,208.8,25.69,-1.32
508,03/04/2021,216.16,227.0,227.32,215.9,12.64,-4.69
509,03/03/2021,226.8,222.32,228.96,222.32,11.69,2.07
510,03/02/2021,222.2,223.1,225.0,221.2,6.5,-0.89
511,03/01/2021,224.2,224.34,224.84,219.2,8.08,0.94
512,02/26/2021,222.12,215.54,226.2,215.0,19.22,2.23
513,02/25/2021,217.28,211.94,220.54,211.66,11.82,2.52
514,02/24/2021,211.94,212.94,214.4,209.7,10.81,-1.26
515,02/22/2021,214.64,210.0,215.3,208.36,8.66,2.45
516,02/20/2021,209.5,209.22,211.2,207.66,2.05,0.38
517,02/19/2021,208.7,203.5,209.22,202.1,7.8,1.96
518,02/18/2021,204.68,207.42,207.42,203.4,5.75,-1.29
519,02/17/2021,207.36,208.12,209.6,204.5,7.57,-0.37
520,02/16/2021,208.12,208.48,209.42,206.18,5.66,0.33
521,02/15/2021,207.44,208.82,209.92,205.08,7.8,-0.37
522,02/12/2021,208.2,206.5,208.32,200.64,8.18,0.82
523,02/11/2021,206.5,207.72,209.98,205.8,8.15,-0.36
524,02/10/2021,207.24,208.52,208.82,204.74,6.6,-0.22
525,02/09/2021,207.7,213.02,214.3,205.7,8.26,-2.52
526,02/08/2021,213.06,211.82,213.1,210.34,3.89,0.9
527,02/05/2021,211.16,213.0,213.26,209.12,3.71,-0.64
528,02/04/2021,212.52,213.4,214.58,210.9,6.91,-0.41
529,02/03/2021,213.4,213.08,214.18,211.56,7.47,0.47
530,02/02/2021,212.4,212.02,215.38,211.82,9.11,0.33
531,02/01/2021,211.7,211.54,213.82,210.04,5.08,0.61
532,01/29/2021,210.42,215.02,215.02,209.1,11.05,-2.16
533,01/28/2021,215.06,216.6,217.18,212.98,8.5,-1.25
534,01/27/2021,217.78,220.1,221.4,216.6,7.82,-0.64
535,01/26/2021,219.18,220.3,222.28,218.0,4.31,-0.52
536,01/25/2021,220.32,221.8,222.2,218.0,6.63,-0.14
537,01/22/2021,220.62,221.5,222.18,216.42,8.92,-1.02
538,01/21/2021,222.9,224.8,225.7,219.5,7.99,-0.44
539,01/20/2021,223.88,220.52,224.5,218.88,9.04,2.14
540,01/19/2021,219.2,220.96,222.0,217.72,6.51,0.06
541,01/18/2021,219.06,221.56,221.92,217.76,5.23,-0.21
542,01/15/2021,219.52,222.0,226.3,218.1,9.77,-1.48
543,01/14/2021,222.82,213.02,225.24,211.34,16.2,3.79
544,01/13/2021,214.68,218.76,219.2,211.88,9.12,-1.69
545,01/12/2021,218.38,219.6,221.0,216.2,7.26,-0.45
546,01/11/2021,219.36,224.72,226.26,215.38,12.03,-2.66
547,01/08/2021,225.36,216.8,226.6,215.34,13.38,4.4
548,01/06/2021,215.86,217.3,218.32,213.9,4.71,-0.46
549,01/05/2021,216.86,214.1,217.3,213.76,7.64,1.24
550,01/04/2021,214.2,208.92,216.78,208.92,7.26,2.57
551,12/30/2020,208.84,210.02,211.82,205.56,12.08,-0.46
552,12/29/2020,209.8,219.58,220.74,207.42,18.03,-4.81
553,12/28/2020,220.4,218.3,221.48,218.1,10.8,-1.77
554,12/25/2020,224.36,220.0,225.44,220.0,12.1,2.07
555,12/24/2020,219.8,218.98,220.64,217.4,6.8,0.72
556,12/23/2020,218.22,216.98,219.5,216.22,5.86,0.47
557,12/22/2020,217.2,210.0,217.9,209.08,10.6,3.23
558,12/21/2020,210.4,213.0,214.4,206.5,9.87,-1.38
559,12/18/2020,213.34,213.14,214.48,210.24,9.05,0.08
560,12/17/2020,213.18,214.9,216.4,211.64,7.3,-0.59
561,12/16/2020,214.44,212.9,215.94,211.8,9.68,1.48
562,12/15/2020,211.32,210.12,214.48,207.32,10.26,0.1
563,12/14/2020,211.1,206.0,212.8,205.28,14.16,3.23
564,12/11/2020,204.5,200.54,205.52,200.54,11.52,1.69
565,12/10/2020,201.1,197.8,201.4,197.5,7.33,1.95
566,12/09/2020,197.26,198.5,201.22,196.78,14.88,-0.52
567,12/08/2020,198.3,196.98,200.0,196.04,13.5,0.95
568,12/07/2020,196.44,192.28,198.98,191.1,14.71,2.11
569,12/04/2020,192.38,191.92,193.56,189.02,11.46,0.72
570,12/03/2020,191.0,192.42,194.9,189.26,26.78,-1.93
571,12/02/2020,194.76,196.3,203.5,193.2,17.1,-0.8
572,12/01/2020,196.34,193.94,198.2,193.02,6.92,1.93
573,11/30/2020,192.62,197.98,198.46,191.24,15.52,-2.9
574,11/27/2020,198.38,196.84,199.48,196.1,3.26,0.63
575,11/26/2020,197.14,194.5,198.22,193.98,5.24,1.38
576,11/25/2020,194.46,193.98,195.6,191.7,4.53,0.53
577,11/24/2020,193.44,190.22,193.9,189.76,3.76,1.63
578,11/23/2020,190.34,191.5,193.9,188.7,5.16,-0.52
579,11/20/2020,191.34,191.5,192.2,189.76,2.86,0.18
580,11/19/2020,191.0,192.0,193.8,190.2,4.61,-0.83
581,11/18/2020,192.6,195.2,196.18,190.72,10.03,-1.76
582,11/17/2020,196.06,202.64,202.76,193.8,9.98,-3.22
583,11/16/2020,202.58,199.0,202.86,198.0,10.06,2.46
584,11/13/2020,197.72,192.7,198.52,192.7,5.43,2.19
585,11/12/2020,193.48,193.0,194.98,191.72,10.34,-0.49
586,11/11/2020,194.44,191.62,195.1,191.62,5.49,1.05
587,11/10/2020,192.42,192.34,193.1,190.38,5.79,0.28
588,11/09/2020,191.88,190.9,193.66,188.0,7.74,1.26
589,11/06/2020,189.5,186.0,189.58,184.0,7.8,1.59
590,11/05/2020,186.54,193.44,194.24,185.7,12.47,-2.13
591,11/03/2020,190.6,190.08,191.32,188.2,6.44,1.28
592,11/02/2020,188.2,185.1,189.24,183.24,7.04,1.67
593,10/30/2020,185.1,180.0,186.4,177.8,9.14,2.22
594,10/29/2020,181.08,179.44,182.5,177.36,5.98,1.25
595,10/28/2020,178.84,181.16,181.84,175.62,7.95,-0.99
596,10/27/2020,180.62,179.8,184.18,179.24,6.89,0.55
597,10/26/2020,179.64,179.88,181.0,178.02,4.78,0.08
598,10/23/2020,179.5,180.4,181.92,178.7,7.04,-0.41
599,10/22/2020,180.24,170.7,182.22,170.7,13.29,5.27
600,10/21/2020,171.22,172.86,173.34,170.4,4.43,-0.65
601,10/20/2020,172.34,169.74,172.62,169.74,2.85,1.29
602,10/19/2020,170.14,170.88,171.7,168.02,2.13,-0.25
603,10/16/2020,170.56,170.76,171.9,169.64,4.07,-0.11
604,10/15/2020,170.74,169.7,171.38,168.68,4.02,0.62
605,10/14/2020,169.68,168.66,170.5,167.12,5.18,0.83
606,10/13/2020,168.28,172.72,173.3,167.8,3.66,-2.89
607,10/12/2020,173.28,169.26,173.52,169.0,4.04,2.4
608,10/09/2020,169.22,170.44,171.86,167.02,6.07,-2.9
609,10/08/2020,174.28,172.32,175.4,172.1,8.43,1.04
610,10/07/2020,172.48,173.5,174.36,170.84,5.32,-0.42
611,10/06/2020,173.2,173.62,174.78,172.36,3.85,-0.4
612,10/05/2020,173.9,173.92,174.76,171.94,3.79,0.25
613,10/02/2020,173.46,171.1,174.6,171.0,3.29,1.13
614,10/01/2020,171.52,172.6,174.0,171.0,2.36,-0.28
615,09/30/2020,172.0,174.54,175.98,171.52,5.15,-1.71
616,09/29/2020,175.0,171.6,175.16,171.06,5.55,1.83
617,09/28/2020,171.86,168.7,172.0,168.36,5.75,1.95
618,09/25/2020,168.58,167.96,169.0,166.54,3.36,0.63
619,09/24/2020,167.52,165.52,168.28,163.26,6.08,1.47
620,09/23/2020,165.1,167.0,168.86,165.0,6.96,-0.97
621,09/22/2020,166.72,165.62,168.1,165.4,4.99,0.18
622,09/21/2020,166.42,166.04,167.48,164.72,3.94,-0.16
623,09/18/2020,166.68,168.5,168.72,165.42,6.42,-0.96
624,09/17/2020,168.3,166.72,168.96,166.1,4.98,0.66
625,09/16/2020,167.2,167.5,169.08,165.64,6.59,-1.05
626,09/15/2020,168.98,167.4,169.44,165.96,5.75,1.43
627,09/14/2020,166.6,164.0,167.1,162.84,6.43,2.22
628,09/11/2020,162.98,160.3,164.66,159.02,6.34,1.58
629,09/10/2020,160.44,159.34,161.96,156.88,9.76,0.36
630,09/09/2020,159.86,158.52,160.56,158.1,7.42,0.55
631,09/08/2020,158.98,160.02,161.0,158.52,6.4,-0.76
632,09/07/2020,160.2,161.8,162.48,159.44,3.78,-1.42
633,09/04/2020,162.5,161.5,162.94,160.22,4.47,0.36
634,09/03/2020,161.92,161.26,163.74,161.06,6.57,0.01
635,09/02/2020,161.9,161.22,163.38,160.48,10.43,0.38
636,09/01/2020,161.28,155.5,161.76,152.4,9.15,4.4
637,08/31/2020,154.48,156.4,157.64,154.08,8.71,-1.04
638,08/28/2020,156.1,159.66,159.66,155.38,6.0,-1.71
639,08/27/2020,158.82,159.84,160.94,157.54,6.37,-0.61
640,08/26/2020,159.8,160.74,161.3,158.82,4.47,-0.51
641,08/25/2020,160.62,160.22,160.94,159.28,4.38,0.27
642,08/24/2020,160.18,160.04,161.98,159.32,3.79,0.16
643,08/21/2020,159.92,161.18,161.34,158.08,4.33,-0.65
644,08/20/2020,160.96,159.86,161.86,159.08,4.11,0.4
645,08/19/2020,160.32,160.12,162.18,159.34,4.36,0.4
646,08/18/2020,159.68,159.98,161.78,158.76,6.06,-0.01
647,08/17/2020,159.7,161.34,161.86,157.72,6.12,-0.49
648,08/14/2020,160.48,160.26,160.48,158.92,4.8,0.45
649,08/13/2020,159.76,163.24,166.98,159.28,7.67,-1.98
650,08/12/2020,162.98,157.52,163.04,157.26,7.57,3.19
651,08/11/2020,157.94,154.6,159.84,153.84,8.74,2.29
652,08/10/2020,154.4,149.22,154.74,149.22,8.52,3.28
653,08/07/2020,149.5,149.22,149.82,146.52,5.09,0.23
654,08/06/2020,149.16,148.7,150.5,147.72,7.02,0.31
655,08/05/2020,148.7,149.54,149.68,148.08,7.06,-0.27
656,08/04/2020,149.1,145.0,149.62,144.52,9.94,3.06
657,08/03/2020,144.68,145.52,146.8,144.52,3.5,-0.71
658,07/31/2020,145.72,145.88,146.0,142.58,5.84,0.3
659,07/30/2020,145.28,147.16,147.36,142.78,7.32,-1.2
660,07/29/2020,147.04,146.52,147.84,144.5,5.4,0.12
661,07/28/2020,146.86,145.88,149.2,145.38,6.69,0.8
662,07/27/2020,145.7,144.46,145.98,143.46,6.03,1.29
663,07/24/2020,143.84,141.0,144.5,140.22,6.15,1.54
664,07/23/2020,141.66,141.54,143.9,140.84,4.54,0.34
665,07/22/2020,141.18,139.96,142.08,139.18,5.07,1.13
666,07/21/2020,139.6,138.5,141.28,138.2,3.72,0.81
667,07/20/2020,138.48,137.06,139.26,136.68,2.27,0.54
668,07/17/2020,137.74,138.3,138.92,136.94,1.69,-0.4
669,07/16/2020,138.3,137.86,138.96,136.6,2.13,-0.3
670,07/15/2020,138.72,137.16,139.26,136.68,3.52,1.18
671,07/14/2020,137.1,135.5,137.9,133.4,4.77,1.08
672,07/13/2020,135.64,135.68,138.2,135.0,3.13,0.0
673,07/10/2020,135.64,136.72,136.86,134.36,5.81,-3.27
674,07/09/2020,140.22,142.44,142.82,138.92,5.68,-1.79
675,07/08/2020,142.78,142.94,143.46,141.78,2.87,-0.36
676,07/07/2020,143.3,144.94,144.94,143.02,4.34,-0.47
677,07/06/2020,143.98,144.04,144.98,143.32,3.33,0.54
678,07/03/2020,143.2,141.28,143.82,140.62,4.02,1.49
679,07/02/2020,141.1,141.1,141.4,140.1,3.01,0.16
680,06/30/2020,140.88,139.44,141.46,138.86,5.72,1.34
681,06/29/2020,139.02,136.9,139.32,136.86,3.09,1.27
682,06/26/2020,137.28,138.4,138.96,136.78,2.46,-0.77
683,06/25/2020,138.34,138.06,138.38,136.5,4.51,-0.4
684,06/23/2020,138.9,138.4,140.14,138.02,3.65,0.42
685,06/22/2020,138.32,138.6,138.86,136.34,4.57,-0.39
686,06/19/2020,138.86,138.42,139.6,138.02,7.76,0.75
687,06/18/2020,137.82,136.6,139.0,136.16,9.26,0.39
688,06/17/2020,137.28,134.66,137.72,134.16,8.37,2.94
689,06/16/2020,133.36,132.36,134.9,132.36,7.94,1.41
690,06/15/2020,131.5,134.22,134.5,130.92,7.93,-3.02
691,06/11/2020,135.6,137.3,137.46,134.82,3.77,-2.21
692,06/10/2020,138.66,137.0,139.3,136.12,5.57,1.21
693,06/09/2020,137.0,138.02,138.78,135.92,6.29,-0.42
694,06/08/2020,137.58,139.88,140.0,137.1,6.72,-3.11
695,06/05/2020,142.0,138.88,144.16,138.22,8.86,2.26
696,06/04/2020,138.86,140.38,140.88,136.72,10.96,-0.73
697,06/03/2020,139.88,138.48,140.74,137.68,6.4,1.24
698,06/02/2020,138.16,137.4,138.24,136.36,5.62,0.32
699,06/01/2020,137.72,138.3,139.0,136.8,4.5,-0.03
700,05/29/2020,137.76,139.16,139.16,134.72,16.49,-0.75
701,05/28/2020,138.8,137.96,139.26,135.94,7.79,2.28
702,05/27/2020,135.7,134.02,138.26,134.02,9.71,1.27
703,05/26/2020,134.0,132.9,136.44,132.2,13.4,1.36
704,05/25/2020,132.2,128.5,132.48,128.44,5.99,3.06
705,05/22/2020,128.28,125.02,128.36,124.32,7.15,2.05
706,05/21/2020,125.7,128.02,129.28,125.06,5.39,-1.87
707,05/20/2020,128.1,125.02,128.6,124.4,8.55,2.46
708,05/19/2020,125.02,124.04,126.26,123.2,8.99,0.3
709,05/18/2020,124.64,119.98,124.64,119.5,8.6,5.27
710,05/15/2020,118.4,118.32,120.22,117.52,5.23,0.95
711,05/14/2020,117.28,118.1,118.92,116.02,7.33,-0.81
712,05/13/2020,118.24,122.02,122.12,118.24,5.56,-3.16
713,05/12/2020,122.1,124.3,124.48,122.1,7.64,-2.32
714,05/08/2020,125.0,125.22,125.58,123.92,3.77,0.08
715,05/07/2020,124.9,124.5,126.58,124.12,5.0,0.68
716,05/06/2020,124.06,125.8,126.1,124.06,4.44,-0.82
717,05/05/2020,125.08,125.98,126.4,124.7,3.25,0.22
718,05/04/2020,124.8,127.68,127.68,123.9,5.36,-2.76
719,04/30/2020,128.34,127.64,128.4,125.94,6.84,0.98
720,04/29/2020,127.1,126.02,128.3,125.08,5.29,1.19
721,04/28/2020,125.6,123.0,126.46,122.4,8.69,1.98
722,04/27/2020,123.16,124.72,125.88,123.16,6.45,-1.35
723,04/24/2020,124.84,127.58,127.58,124.4,9.87,-2.06
724,04/23/2020,127.46,126.3,128.34,125.4,6.06,1.56
725,04/22/2020,125.5,124.44,127.48,124.44,8.74,0.5
726,04/21/2020,124.88,126.0,126.36,124.3,10.86,-2.05
727,04/20/2020,127.5,125.58,128.36,125.56,6.81,1.11
728,04/17/2020,126.1,127.3,127.98,125.52,5.66,0.48
729,04/16/2020,125.5,125.66,127.48,124.58,7.91,0.14
730,04/15/2020,125.32,128.04,128.9,124.2,6.7,-2.88
731,04/14/2020,129.04,130.72,131.96,129.0,6.83,-0.68
732,04/13/2020,129.92,132.5,132.58,128.7,3.37,-1.26
733,04/10/2020,131.58,132.02,132.08,131.0,1.89,-1.41
734,04/09/2020,133.46,133.72,134.6,130.4,7.47,0.35
735,04/08/2020,133.0,131.12,133.0,129.14,8.25,0.57
736,04/07/2020,132.24,132.14,132.78,131.12,8.08,1.72
737,04/06/2020,130.0,126.04,131.4,124.62,8.14,4.13
738,04/03/2020,124.84,122.4,124.98,121.12,9.4,1.74
739,04/02/2020,122.7,124.64,125.92,118.74,12.14,-0.08
740,04/01/2020,122.8,122.0,124.18,121.28,7.56,-0.97
741,03/31/2020,124.0,120.78,125.3,119.98,9.47,4.39
742,03/30/2020,118.78,114.0,118.78,113.4,5.9,2.04
743,03/27/2020,116.4,120.02,120.38,115.12,6.28,-2.81
744,03/26/2020,119.76,121.96,122.44,118.56,10.14,-1.93
745,03/25/2020,122.12,118.0,125.48,117.7,18.72,5.2
746,03/24/2020,116.08,111.0,117.34,111.0,14.17,7.12
747,03/23/2020,108.36,108.56,110.88,106.5,9.08,-2.87
748,03/20/2020,111.56,110.9,113.48,109.44,16.37,2.9
749,03/19/2020,108.42,102.0,110.86,100.0,19.55,7.24
750,03/18/2020,101.1,106.68,107.98,101.1,10.35,-6.22
751,03/17/2020,107.8,109.28,113.0,104.0,11.1,-0.88
752,03/16/2020,108.76,111.0,112.0,105.5,12.71,-0.71
753,03/13/2020,109.54,111.2,116.88,109.54,13.06,-1.44
754,03/12/2020,111.14,116.0,117.5,109.8,14.73,-7.92
755,03/11/2020,120.7,119.9,122.94,117.02,16.94,2.25
756,03/10/2020,118.04,107.6,123.94,100.82,18.42,-1.27
757,03/06/2020,119.56,123.0,123.44,117.6,12.19,-3.88
758,03/05/2020,124.38,124.44,124.84,121.74,8.79,0.99
759,03/04/2020,123.16,121.42,123.9,120.28,8.03,0.65
760,03/03/2020,122.36,123.5,124.48,121.12,9.96,0.15
761,03/02/2020,122.18,130.0,130.0,119.14,16.7,-2.21
762,02/28/2020,124.94,127.0,130.76,123.16,20.89,-4.92
763,02/27/2020,131.4,136.0,136.4,131.4,8.0,-3.91
764,02/26/2020,136.74,137.82,137.98,134.5,9.92,-0.71
765,02/25/2020,137.72,137.96,139.9,137.68,8.05,-1.5
766,02/21/2020,139.82,139.8,140.76,138.86,5.85,-0.11
767,02/20/2020,139.98,139.52,141.1,139.3,4.42,0.62
768,02/19/2020,139.12,140.0,140.44,137.2,4.98,0.16
769,02/18/2020,138.9,139.6,141.36,138.6,5.73,-1.08
770,02/17/2020,140.42,140.8,141.86,139.68,2.04,0.07
771,02/14/2020,140.32,139.14,141.22,138.3,5.48,0.85
772,02/13/2020,139.14,140.3,140.9,138.84,5.71,-1.49
773,02/12/2020,141.24,137.5,142.24,136.1,13.25,2.94
774,02/11/2020,137.2,138.5,139.34,136.8,6.72,-0.28
775,02/10/2020,137.58,140.18,141.28,134.64,7.66,-1.71
776,02/07/2020,139.98,139.02,140.06,137.5,5.2,0.39
777,02/06/2020,139.44,139.5,140.44,138.2,6.13,0.45
778,02/05/2020,138.82,138.82,140.0,137.22,8.56,0.29
779,02/04/2020,138.42,136.52,139.1,136.52,6.49,1.79
780,02/03/2020,135.98,137.48,138.66,135.6,8.15,-1.46
781,01/31/2020,138.0,144.18,144.66,138.0,11.34,-4.05
782,01/30/2020,143.82,143.5,144.52,142.54,2.77,-0.26
783,01/29/2020,144.2,145.06,145.06,143.32,4.13,0.06
784,01/28/2020,144.12,143.0,144.64,142.64,4.07,0.67
785,01/27/2020,143.16,144.22,144.38,140.5,5.49,-1.27
786,01/24/2020,145.0,145.2,146.18,144.56,2.71,0.55
787,01/23/2020,144.2,143.52,145.66,142.94,4.32,0.11
788,01/22/2020,144.04,147.36,148.1,143.52,8.9,-2.25
789,01/21/2020,147.36,148.38,148.68,145.78,5.49,-0.95
790,01/20/2020,148.78,150.26,152.0,148.1,7.71,-0.95
791,01/17/2020,150.2,148.8,150.5,148.0,5.81,1.78
792,01/16/2020,147.58,146.72,149.3,146.72,5.99,0.74
793,01/15/2020,146.5,146.9,148.76,145.24,6.51,-0.29
794,01/14/2020,146.92,147.08,151.46,146.22,11.51,0.05
795,01/13/2020,146.84,143.98,146.98,142.48,7.15,2.24
796,01/10/2020,143.62,142.16,145.12,140.8,9.44,1.17
797,01/09/2020,141.96,139.14,143.6,139.14,10.11,1.76
798,01/08/2020,139.5,139.0,139.5,137.8,9.33,-1.72
799,01/06/2020,141.94,144.5,144.5,140.88,6.6,-1.77
800,01/03/2020,144.5,143.98,144.74,143.3,4.58,0.54
801,12/30/2019,143.72,143.36,143.98,142.5,3.6,0.21
802,12/27/2019,143.42,143.0,144.68,142.64,3.66,0.28
803,12/26/2019,143.02,141.88,143.1,140.88,2.41,0.86
804,12/25/2019,141.8,142.44,142.44,141.06,1.21,-0.11
805,12/24/2019,141.96,142.8,143.16,141.62,1.68,-0.41
806,12/23/2019,142.54,142.3,143.5,141.36,3.81,0.06
807,12/20/2019,142.46,142.18,142.62,140.14,5.5,0.76
808,12/19/2019,141.38,139.9,142.7,138.76,11.45,1.06
809,12/18/2019,139.9,139.02,139.9,138.1,6.0,0.36
810,12/17/2019,139.4,139.2,139.9,137.12,7.79,0.17
811,12/16/2019,139.16,137.56,139.6,137.56,7.7,0.91
812,12/13/2019,137.9,136.1,137.98,135.9,12.89,1.8
813,12/12/2019,135.46,134.0,136.82,133.72,7.87,1.17
814,12/11/2019,133.9,132.8,135.0,132.46,7.4,0.83
815,12/10/2019,132.8,133.0,133.18,131.52,4.59,-0.03
816,12/09/2019,132.84,132.98,133.58,132.58,4.11,-0.12
817,12/06/2019,133.0,132.0,133.0,130.84,5.36,0.91
818,12/05/2019,131.8,129.06,132.8,128.04,10.99,2.28
819,12/04/2019,128.86,128.68,129.38,127.62,3.3,0.64
820,12/03/2019,128.04,131.82,131.92,127.6,10.87,-2.65
821,12/02/2019,131.52,129.56,133.26,129.3,12.2,1.62
822,11/29/2019,129.42,128.42,129.42,127.7,3.45,0.87
823,11/28/2019,128.3,127.82,129.28,126.9,3.48,0.39
824,11/27/2019,127.8,128.84,129.38,127.72,4.7,-0.3
825,11/26/2019,128.18,130.34,132.46,127.86,11.58,-2.08
826,11/25/2019,130.9,128.3,131.1,128.08,5.45,2.41
827,11/22/2019,127.82,126.54,128.1,126.14,3.54,1.06
828,11/21/2019,126.48,127.94,128.08,126.12,5.67,-1.39
829,11/20/2019,128.26,128.06,129.18,127.44,3.35,-0.25
830,11/19/2019,128.58,126.96,128.58,126.4,5.15,1.47
831,11/18/2019,126.72,127.1,128.22,125.92,4.68,0.06
832,11/15/2019,126.64,126.36,127.66,126.1,4.46,0.56
833,11/14/2019,125.94,129.12,129.4,125.8,7.8,-2.52
834,11/13/2019,129.2,129.44,129.66,127.68,3.99,-0.08
835,11/12/2019,129.3,128.7,130.1,128.04,3.7,0.28
836,11/11/2019,128.94,130.8,132.5,128.6,5.46,-1.6
837,11/08/2019,131.04,133.0,133.1,130.84,6.21,-1.64
838,11/07/2019,133.22,131.46,133.7,129.92,8.79,1.54
839,11/06/2019,131.2,129.0,131.6,129.0,8.4,1.69
840,11/05/2019,129.02,127.0,129.02,126.74,7.2,2.28
841,11/01/2019,126.14,125.64,126.14,124.32,5.16,0.88
842,10/31/2019,125.04,127.44,129.0,125.04,7.91,-1.93
843,10/30/2019,127.5,129.2,129.2,126.9,4.51,-1.32
844,10/29/2019,129.2,124.94,129.2,124.26,8.66,3.81
845,10/28/2019,124.46,123.2,125.66,122.7,5.69,0.84
846,10/25/2019,123.42,125.0,125.0,122.16,9.69,-1.26
847,10/24/2019,125.0,126.0,126.5,124.32,7.56,-0.79
848,10/23/2019,126.0,126.62,127.16,124.98,5.79,-0.49
849,10/22/2019,126.62,126.6,127.46,125.28,5.22,0.02
850,10/21/2019,126.6,129.0,129.48,125.72,6.41,-1.71
851,10/18/2019,128.8,129.5,129.78,127.6,5.07,-0.46
852,10/17/2019,129.4,128.66,129.8,128.16,4.29,0.65
853,10/16/2019,128.56,125.7,129.02,125.6,5.64,2.42
854,10/15/2019,125.52,129.5,129.5,124.3,10.4,-2.74
855,10/14/2019,129.06,130.84,131.5,128.14,5.11,-0.75
856,10/11/2019,130.04,131.2,131.2,129.84,4.01,-0.69
857,10/10/2019,130.94,128.32,131.54,127.16,5.51,2.3
858,10/09/2019,128.0,128.08,129.26,127.38,7.52,-2.72
859,10/08/2019,131.58,131.96,133.14,130.7,6.7,0.12
860,10/07/2019,131.42,132.44,132.98,129.74,8.41,-0.35
861,10/04/2019,131.88,134.2,135.2,130.9,8.52,-1.58
862,10/03/2019,134.0,136.6,136.62,133.1,11.6,-1.83
863,10/02/2019,136.5,140.6,140.82,136.06,11.48,-2.92
864,10/01/2019,140.6,142.3,142.56,140.32,4.26,-1.14
865,09/30/2019,142.22,142.42,142.56,140.42,3.7,0.17
866,09/27/2019,141.98,141.24,142.7,141.14,2.92,0.21
867,09/26/2019,141.68,141.4,142.34,141.0,3.23,0.43
868,09/25/2019,141.08,142.1,142.52,140.12,6.04,-1.12
869,09/24/2019,142.68,142.96,144.4,142.14,3.73,0.2
870,09/23/2019,142.4,144.96,145.22,142.1,6.23,-1.59
871,09/20/2019,144.7,144.96,145.26,143.06,7.24,0.01
872,09/19/2019,144.68,146.96,147.6,144.04,9.01,-1.55
873,09/18/2019,146.96,149.38,150.36,146.28,8.05,-1.49
874,09/17/2019,149.18,148.68,149.78,148.14,5.97,0.19
875,09/16/2019,148.9,148.4,149.0,146.66,4.96,0.3
876,09/13/2019,148.46,147.24,148.46,145.68,4.37,0.47
877,09/12/2019,147.76,149.4,150.4,146.82,6.16,-1.47
878,09/11/2019,149.96,148.5,150.96,148.5,4.43,0.66
879,09/10/2019,148.98,149.2,149.44,147.34,3.17,-0.01
880,09/09/2019,149.0,147.66,149.0,146.66,5.54,1.6
881,09/06/2019,146.66,145.76,147.7,144.58,4.33,0.84
882,09/05/2019,145.44,144.04,145.48,144.04,4.87,1.0
883,09/04/2019,144.0,144.5,145.62,143.02,6.13,0.0
884,09/03/2019,144.0,147.7,147.7,143.82,6.86,-2.51
885,09/02/2019,147.7,148.82,149.62,147.22,3.8,-0.77
886,08/30/2019,148.84,146.2,148.84,144.5,5.17,1.74
887,08/29/2019,146.3,143.56,146.92,143.38,5.4,1.91
888,08/28/2019,143.56,143.1,144.74,143.0,3.93,0.21
889,08/27/2019,143.26,142.2,144.0,141.7,7.46,0.79
890,08/26/2019,142.14,141.3,143.2,140.88,1.98,-0.18
891,08/23/2019,142.4,141.0,143.0,140.8,4.6,1.17
892,08/22/2019,140.76,141.08,142.2,140.3,4.48,-0.34
893,08/21/2019,141.24,140.4,141.94,139.52,3.8,0.89
894,08/20/2019,140.0,140.0,140.78,139.0,3.25,0.07
895,08/19/2019,139.9,139.32,140.44,138.06,4.27,1.16
896,08/16/2019,138.3,140.0,140.4,138.0,3.77,-0.75
897,08/15/2019,139.34,141.48,142.68,139.02,5.49,-1.44
898,08/14/2019,141.38,142.68,142.68,138.8,7.5,-0.3
899,08/13/2019,141.8,143.5,143.5,141.22,4.52,-1.18
900,08/12/2019,143.5,142.76,143.7,141.82,3.62,0.73
901,08/09/2019,142.46,145.18,145.4,141.56,4.71,-1.47
902,08/08/2019,144.58,145.1,146.16,144.58,3.07,-0.21
903,08/07/2019,144.88,145.0,146.24,143.64,4.22,0.06
904,08/06/2019,144.8,145.54,146.8,144.8,4.64,-0.51
905,08/05/2019,145.54,146.8,147.16,145.0,4.41,-1.14
906,08/02/2019,147.22,148.6,149.28,146.4,6.74,-1.74
907,08/01/2019,149.82,150.22,150.88,148.42,6.16,-0.72
908,07/31/2019,150.9,150.78,151.54,150.0,4.56,0.28
909,07/30/2019,150.48,152.0,152.0,150.02,4.05,-0.66
910,07/29/2019,151.48,152.4,152.4,149.84,5.67,-0.21
911,07/26/2019,151.8,154.1,154.5,151.8,4.74,-1.54
912,07/25/2019,154.18,154.2,154.68,153.1,2.37,-0.19
913,07/24/2019,154.48,156.38,156.74,153.28,3.68,-1.06
914,07/23/2019,156.14,156.44,156.98,155.4,2.26,0.28
915,07/22/2019,155.7,155.48,157.28,155.06,2.98,0.1
916,07/19/2019,155.54,156.06,156.76,155.52,5.14,-0.27
917,07/18/2019,155.96,156.4,156.8,154.42,4.74,-0.27
918,07/17/2019,156.38,155.76,156.68,155.06,4.24,0.24
919,07/16/2019,156.0,154.0,156.38,153.7,7.26,1.23
920,07/15/2019,154.1,152.52,154.76,151.92,5.92,1.43
921,07/12/2019,151.92,152.62,152.78,151.02,5.01,-0.38
922,07/11/2019,152.5,156.32,156.5,151.28,7.62,-2.02
923,07/10/2019,155.64,157.4,158.04,153.12,9.23,-1.24
924,07/09/2019,157.6,158.5,158.8,157.04,6.7,-0.58
925,07/08/2019,158.52,156.82,158.52,156.4,5.42,1.08
926,07/05/2019,156.82,157.72,158.0,156.3,4.5,-0.31
927,07/04/2019,157.3,157.7,158.5,156.52,8.79,-0.24
928,07/03/2019,157.68,160.74,160.74,157.66,10.65,-1.68
929,07/02/2019,160.38,159.08,161.08,159.04,5.41,0.87
930,07/01/2019,159.0,160.96,161.32,158.6,6.04,-0.44
931,06/28/2019,159.7,162.4,163.0,159.64,25.12,-6.33
932,06/27/2019,170.5,167.76,170.9,167.68,4.28,2.1
933,06/26/2019,167.0,171.58,172.0,167.0,5.99,-2.32
934,06/25/2019,170.96,168.04,171.0,167.6,6.13,1.76
935,06/24/2019,168.0,171.64,173.68,167.78,4.57,-2.15
936,06/21/2019,171.7,171.16,171.78,169.22,5.85,0.19
937,06/20/2019,171.38,173.84,174.98,169.88,8.64,-1.03
938,06/19/2019,173.16,175.86,178.26,172.02,3.95,-1.36
939,06/18/2019,175.54,175.0,175.54,170.76,6.05,-3.55
940,06/17/2019,182.0,183.06,183.94,181.88,5.77,-0.66
941,06/14/2019,183.2,181.06,185.42,181.06,5.11,0.66
942,06/13/2019,182.0,177.6,183.18,177.1,5.9,2.24
943,06/11/2019,178.02,173.62,178.02,172.96,3.9,2.77
944,06/10/2019,173.22,172.74,174.16,172.22,1.51,0.41
945,06/07/2019,172.52,173.8,174.2,172.04,1.69,-0.66
946,06/06/2019,173.66,170.5,174.5,169.6,2.28,1.83
947,06/05/2019,170.54,172.88,174.58,170.54,2.87,-0.99
948,06/04/2019,172.24,173.0,174.62,171.52,2.41,-0.44
949,06/03/2019,173.0,171.64,173.0,169.54,2.75,0.39
950,05/31/2019,172.32,172.2,172.32,169.78,2.48,-0.32
951,05/30/2019,172.88,170.6,172.88,170.36,3.36,1.23
952,05/29/2019,170.78,170.64,171.38,169.46,2.9,-0.42
953,05/28/2019,171.5,165.12,171.5,164.94,9.05,4.03
954,05/27/2019,164.86,164.0,165.08,163.4,1.19,0.52
955,05/24/2019,164.0,161.54,165.48,161.22,4.72,2.12
956,05/23/2019,160.6,162.34,163.28,160.42,3.37,-1.17
957,05/22/2019,162.5,160.7,164.1,160.12,4.44,0.81
958,05/21/2019,161.2,158.38,161.96,157.26,3.15,2.17
959,05/20/2019,157.78,156.5,158.86,156.1,1.95,0.87
960,05/17/2019,156.42,158.02,159.0,156.42,2.63,-1.36
961,05/16/2019,158.58,158.6,159.76,157.42,2.44,0.04
962,05/15/2019,158.52,159.0,160.98,158.08,2.77,-0.1
963,05/14/2019,158.68,159.26,161.34,158.56,3.59,-0.51
964,05/13/2019,159.5,162.58,164.22,159.4,3.13,-1.89
965,05/10/2019,162.58,166.68,166.7,162.18,4.42,-3.59
966,05/08/2019,168.64,170.34,170.68,168.06,3.49,-1.38
967,05/07/2019,171.0,169.78,171.0,168.2,3.01,0.38
968,05/06/2019,170.36,169.48,170.36,168.0,2.05,0.51
969,05/03/2019,169.5,170.14,170.84,169.3,3.0,-3.19
970,05/02/2019,175.08,170.52,175.14,170.14,6.16,2.33
971,04/30/2019,171.1,171.6,171.78,169.84,3.29,0.08
972,04/29/2019,170.96,174.0,175.18,170.96,3.05,-1.97
973,04/26/2019,174.4,170.32,174.4,170.02,3.28,2.4
974,04/25/2019,170.32,170.36,171.72,169.46,2.89,-0.04
975,04/24/2019,170.38,171.5,172.2,169.2,3.84,-0.65
976,04/23/2019,171.5,175.0,176.3,170.68,3.92,-1.76
977,04/22/2019,174.58,174.5,174.96,173.6,743.32,0.16
978,04/19/2019,174.3,173.0,174.4,172.98,718.48,0.6
979,04/18/2019,173.26,171.4,173.26,171.26,1.18,1.09
980,04/17/2019,171.4,172.72,174.5,171.3,1.51,-0.75
981,04/16/2019,172.7,169.16,173.7,168.7,2.7,2.49
982,04/15/2019,168.5,172.7,173.36,168.1,2.6,-2.23
983,04/12/2019,172.34,169.4,175.38,167.92,6.66,2.34
984,04/11/2019,168.4,171.92,172.94,167.8,3.16,-2.47
985,04/10/2019,172.66,172.5,173.96,171.82,1.8,0.1
986,04/09/2019,172.48,174.06,175.34,171.6,2.28,-1.17
987,04/08/2019,174.52,174.64,176.68,174.02,2.49,0.31
988,04/05/2019,173.98,174.56,175.3,173.56,1.37,-0.01
989,04/04/2019,174.0,173.1,174.4,171.26,1.97,0.68
990,04/03/2019,172.82,174.24,175.74,172.76,2.47,-1.08
991,04/02/2019,174.7,172.04,175.22,172.04,2.59,1.23
992,04/01/2019,172.58,170.6,173.98,170.22,2.97,1.22
993,03/29/2019,170.5,170.0,171.58,169.32,2.71,0.18
994,03/28/2019,170.2,166.9,170.86,166.9,3.22,1.73
995,03/27/2019,167.3,167.88,168.5,166.7,2.19,-0.35
996,03/26/2019,167.88,165.7,168.1,164.54,2.6,1.38
997,03/25/2019,165.6,165.86,166.48,165.1,1.82,-0.66
998,03/22/2019,166.7,168.66,168.88,166.06,3.69,-1.15
999,03/21/2019,168.64,167.94,168.92,166.78,3.5,0.61
1000,03/20/2019,167.62,168.26,169.38,167.02,2.83,-0.99
1001,03/19/2019,169.3,170.7,171.52,168.04,4.37,-0.82
1002,03/18/2019,170.7,167.0,171.2,166.22,3.27,1.79
1003,03/15/2019,167.7,166.3,168.64,165.4,3.45,0.79
1004,03/14/2019,166.38,164.62,167.4,164.62,3.48,-0.31
1005,03/13/2019,166.9,163.2,167.22,162.3,4.48,2.19
1006,03/12/2019,163.32,163.96,163.96,162.28,2.07,-0.07
1007,03/11/2019,163.44,164.24,164.48,162.08,3.87,-1.24
1008,03/07/2019,165.5,164.5,165.5,163.26,2.62,0.08
1009,03/06/2019,165.36,165.2,167.5,164.3,3.49,-0.49
1010,03/05/2019,166.18,161.54,167.2,161.2,7.76,2.55
1011,03/04/2019,162.04,157.4,163.2,156.08,5.55,2.73
1012,03/01/2019,157.74,157.92,158.3,156.52,1.9,-0.44
1013,02/28/2019,158.44,158.24,158.54,157.32,2.13,-0.11
1014,02/27/2019,158.62,158.78,159.84,156.5,2.35,-0.15
1015,02/26/2019,158.86,158.52,159.48,157.84,1.88,-0.36
1016,02/25/2019,159.44,158.5,160.56,158.06,2.67,0.59
1017,02/22/2019,158.5,155.9,158.5,155.32,2.27,1.64
1018,02/21/2019,155.94,156.48,156.56,154.54,1.95,-0.35
1019,02/20/2019,156.48,154.12,156.78,153.96,2.94,1.66
1020,02/19/2019,153.92,155.0,155.46,152.76,2.42,-0.61
1021,02/18/2019,154.86,157.24,157.7,154.76,2.06,-1.51
1022,02/15/2019,157.24,155.12,157.94,155.12,2.62,1.54
1023,02/14/2019,154.86,153.88,156.26,153.68,3.61,0.0
1024,02/13/2019,154.86,158.0,158.0,154.86,2.98,-1.61
1025,02/12/2019,157.4,157.9,159.1,155.6,2.34,-0.15
1026,02/11/2019,157.64,156.72,158.94,156.72,2.47,0.19
1027,02/08/2019,157.34,158.08,159.34,156.26,2.67,-1.04
1028,02/07/2019,159.0,160.14,161.18,157.8,5.05,-0.89
1029,02/06/2019,160.42,157.62,161.0,157.6,3.13,1.24
1030,02/05/2019,158.46,158.06,158.98,157.1,2.48,0.03
1031,02/04/2019,158.42,157.4,158.8,155.68,3.4,0.78
1032,02/01/2019,157.2,152.9,157.2,152.2,6.05,3.41
1033,01/31/2019,152.02,153.34,154.26,152.02,5.66,-0.73
1034,01/30/2019,153.14,150.36,153.66,149.62,4.36,1.63
1035,01/29/2019,150.68,149.84,150.68,147.5,2.73,0.6
1036,01/28/2019,149.78,149.02,149.78,148.14,2.2,0.65
1037,01/25/2019,148.82,146.74,148.82,146.14,2.65,1.42
1038,01/24/2019,146.74,148.78,148.94,144.74,5.5,-1.57
1039,01/23/2019,149.08,149.98,150.56,148.22,4.3,-0.55
1040,01/22/2019,149.9,151.7,151.72,149.06,4.29,-1.2
1041,01/21/2019,151.72,151.9,152.7,151.3,1.33,-0.28
1042,01/18/2019,152.14,152.3,152.4,151.2,1.73,0.42
1043,01/17/2019,151.5,150.88,151.52,149.28,2.51,0.58
1044,01/16/2019,150.62,150.88,151.44,149.44,3.17,0.03
1045,01/15/2019,150.58,152.7,153.08,149.84,3.22,-1.08
1046,01/14/2019,152.22,154.2,154.2,151.6,2.58,-1.48
1047,01/11/2019,154.5,154.48,155.08,152.9,2.98,0.25
1048,01/10/2019,154.12,153.52,154.12,152.26,1.96,0.22
1049,01/09/2019,153.78,150.36,154.46,150.08,4.03,2.44
1050,01/08/2019,150.12,150.98,151.34,149.64,3.12,-3.57
1051,01/04/2019,155.68,156.8,157.46,154.8,2.91,-1.06
1052,01/03/2019,157.34,155.86,157.34,154.8,2.9,-0.05
